<?xml version="1.0" encoding="UTF-8"?>
<osm version="0.6" generator="Overpass API 0.7.62.11 87bfad18">
<note>The data included in this document is from www.openstreetmap.org. The data is made available under ODbL.</note>
<meta osm_base="2026-06-06T11:31:15Z"/>

  <node id="414684838" lat="37.5196481" lon="127.0282081"/>
  <node id="414684863" lat="37.5214955" lon="127.0339755"/>
  <node id="414684882" lat="37.5231260" lon="127.0391626"/>
  <node id="436861515" lat="37.5096433" lon="127.0374525"/>
  <node id="436861518" lat="37.5124769" lon="127.0354700"/>
  <node id="436861531" lat="37.5223554" lon="127.0334082"/>
  <node id="436861532" lat="37.5227854" lon="127.0332523"/>
  <node id="595750379" lat="37.5241384" lon="127.0473419"/>
  <node id="595750380" lat="37.5242725" lon="127.0474036"/>
  <node id="595780386" lat="37.5249099" lon="127.0240738"/>
  <node id="595780395" lat="37.5221943" lon="127.0199801"/>
  <node id="596131777" lat="37.5227183" lon="127.0210209"/>
  <node id="596131798" lat="37.5223513" lon="127.0202845"/>
  <node id="596137575" lat="37.5234254" lon="127.0391725">
    <tag k="crossing" v="uncontrolled"/>
    <tag k="crossing:markings" v="yes"/>
    <tag k="highway" v="crossing"/>
  </node>
  <node id="596137596" lat="37.5229022" lon="127.0391907"/>
  <node id="596149180" lat="37.5225746" lon="127.0406891"/>
  <node id="596149187" lat="37.5230403" lon="127.0444112"/>
  <node id="596149212" lat="37.5229915" lon="127.0439906"/>
  <node id="596149215" lat="37.5227786" lon="127.0423478"/>
  <node id="596149219" lat="37.5219623" lon="127.0413551"/>
  <node id="596149220" lat="37.5226773" lon="127.0415103"/>
  <node id="596149226" lat="37.5218453" lon="127.0404834"/>
  <node id="596149228" lat="37.5225331" lon="127.0402675"/>
  <node id="596149237" lat="37.5229369" lon="127.0435807"/>
  <node id="596149239" lat="37.5228803" lon="127.0431460"/>
  <node id="596509863" lat="37.5249814" lon="127.0470408"/>
  <node id="596509865" lat="37.5256127" lon="127.0466912"/>
  <node id="596509867" lat="37.5258053" lon="127.0465666"/>
  <node id="596509869" lat="37.5260711" lon="127.0463742"/>
  <node id="596509870" lat="37.5263216" lon="127.0460828"/>
  <node id="596509874" lat="37.5265051" lon="127.0457792"/>
  <node id="596509879" lat="37.5278843" lon="127.0407289"/>
  <node id="596509884" lat="37.5291087" lon="127.0357550"/>
  <node id="596509885" lat="37.5291725" lon="127.0352769"/>
  <node id="596509886" lat="37.5292166" lon="127.0346220"/>
  <node id="596509890" lat="37.5290958" lon="127.0327470"/>
  <node id="596509891" lat="37.5289568" lon="127.0321820"/>
  <node id="596509893" lat="37.5287724" lon="127.0315906"/>
  <node id="596509895" lat="37.5285560" lon="127.0310212"/>
  <node id="596509896" lat="37.5282938" lon="127.0305153"/>
  <node id="596509907" lat="37.5283546" lon="127.0308185"/>
  <node id="596509909" lat="37.5285605" lon="127.0313002"/>
  <node id="596509911" lat="37.5286858" lon="127.0317095"/>
  <node id="596509913" lat="37.5288213" lon="127.0321438"/>
  <node id="596509915" lat="37.5289353" lon="127.0326357"/>
  <node id="596509917" lat="37.5290223" lon="127.0330939"/>
  <node id="596509934" lat="37.5277685" lon="127.0406915"/>
  <node id="596509937" lat="37.5265736" lon="127.0453977"/>
  <node id="596509940" lat="37.5264104" lon="127.0457511"/>
  <node id="596509942" lat="37.5262626" lon="127.0459697"/>
  <node id="596509944" lat="37.5261094" lon="127.0461736"/>
  <node id="596509946" lat="37.5259350" lon="127.0463613"/>
  <node id="596509949" lat="37.5257191" lon="127.0464940"/>
  <node id="596509951" lat="37.5255107" lon="127.0466175"/>
  <node id="597136144" lat="37.5255046" lon="127.0411613"/>
  <node id="597136146" lat="37.5268321" lon="127.0416281"/>
  <node id="597136162" lat="37.5262502" lon="127.0410057"/>
  <node id="597136187" lat="37.5260939" lon="127.0418561"/>
  <node id="597136204" lat="37.5243793" lon="127.0420532"/>
  <node id="597136208" lat="37.5244697" lon="127.0428585"/>
  <node id="597136227" lat="37.5253935" lon="127.0416448"/>
  <node id="597136228" lat="37.5255948" lon="127.0407734"/>
  <node id="597136240" lat="37.5242666" lon="127.0412592"/>
  <node id="597136243" lat="37.5267187" lon="127.0420841"/>
  <node id="597136245" lat="37.5273510" lon="127.0423146"/>
  <node id="597136249" lat="37.5249612" lon="127.0469174"/>
  <node id="597136254" lat="37.5241524" lon="127.0402641"/>
  <node id="597136271" lat="37.5269373" lon="127.0412606"/>
  <node id="597148003" lat="37.5255192" lon="127.0467507"/>
  <node id="597148039" lat="37.5269852" lon="127.0437724"/>
  <node id="597148040" lat="37.5263534" lon="127.0435164"/>
  <node id="597148057" lat="37.5261135" lon="127.0445020"/>
  <node id="732031247" lat="37.5226744" lon="127.0257515"/>
  <node id="732031291" lat="37.5266062" lon="127.0274077"/>
  <node id="732031293" lat="37.5261580" lon="127.0277497"/>
  <node id="732031324" lat="37.5246667" lon="127.0261683"/>
  <node id="732031325" lat="37.5251708" lon="127.0258037"/>
  <node id="732031335" lat="37.5256276" lon="127.0254561"/>
  <node id="732031352" lat="37.5254333" lon="127.0263225"/>
  <node id="732031431" lat="37.5247096" lon="127.0249250"/>
  <node id="732031433" lat="37.5245775" lon="127.0282553"/>
  <node id="732032761" lat="37.5286886" lon="127.0269021"/>
  <node id="732032789" lat="37.5272651" lon="127.0283095"/>
  <node id="732032792" lat="37.5270259" lon="127.0284072"/>
  <node id="732032796" lat="37.5267873" lon="127.0284638"/>
  <node id="732032802" lat="37.5265715" lon="127.0284868"/>
  <node id="732032803" lat="37.5253660" lon="127.0283760"/>
  <node id="732032820" lat="37.5239790" lon="127.0283831"/>
  <node id="732032825" lat="37.5240608" lon="127.0284405"/>
  <node id="732032844" lat="37.5271932" lon="127.0285332"/>
  <node id="732032849" lat="37.5272918" lon="127.0284873"/>
  <node id="732032854" lat="37.5275510" lon="127.0282983"/>
  <node id="732032858" lat="37.5276826" lon="127.0281969"/>
  <node id="732032861" lat="37.5280204" lon="127.0278801"/>
  <node id="732032870" lat="37.5291542" lon="127.0264819"/>
  <node id="732032902" lat="37.5239822" lon="127.0282866"/>
  <node id="732032917" lat="37.5264523" lon="127.0283546"/>
  <node id="732032930" lat="37.5270686" lon="127.0282788"/>
  <node id="732032934" lat="37.5271569" lon="127.0282379"/>
  <node id="732032936" lat="37.5274320" lon="127.0280846"/>
  <node id="732032947" lat="37.5292943" lon="127.0260879"/>
  <node id="732033045" lat="37.5241096" lon="127.0282986"/>
  <node id="732033075" lat="37.5253728" lon="127.0284722"/>
  <node id="732033079" lat="37.5258959" lon="127.0285118"/>
  <node id="732033082" lat="37.5263559" lon="127.0285542"/>
  <node id="732033085" lat="37.5265936" lon="127.0285713"/>
  <node id="732033090" lat="37.5268082" lon="127.0285352"/>
  <node id="732033093" lat="37.5270575" lon="127.0284853"/>
  <node id="732033097" lat="37.5273036" lon="127.0283767"/>
  <node id="732033099" lat="37.5276562" lon="127.0281474"/>
  <node id="732033102" lat="37.5278900" lon="127.0279455"/>
  <node id="732033104" lat="37.5287302" lon="127.0269668"/>
  <node id="732033214" lat="37.5240865" lon="127.0283918"/>
  <node id="732246712" lat="37.5292536" lon="127.0338987"/>
  <node id="732248963" lat="37.5292382" lon="127.0336934"/>
  <node id="1326157599" lat="37.5192958" lon="127.0405147"/>
  <node id="1326157614" lat="37.5179324" lon="127.0410381"/>
  <node id="1326157631" lat="37.5181849" lon="127.0352178"/>
  <node id="1326157669" lat="37.5077448" lon="127.0393019"/>
  <node id="1326157671" lat="37.5190962" lon="127.0396434"/>
  <node id="1326160761" lat="37.5041229" lon="127.0418812"/>
  <node id="1326472521" lat="37.5262937" lon="127.0376155"/>
  <node id="1326472522" lat="37.5252985" lon="127.0370666"/>
  <node id="1326472524" lat="37.5254020" lon="127.0389166"/>
  <node id="1326472525" lat="37.5240555" lon="127.0384365"/>
  <node id="1326472529" lat="37.5269803" lon="127.0378774"/>
  <node id="1326472535" lat="37.5260511" lon="127.0386832"/>
  <node id="1326472537" lat="37.5273065" lon="127.0364196"/>
  <node id="1326472540" lat="37.5248809" lon="127.0361200"/>
  <node id="1326472541" lat="37.5276987" lon="127.0392454"/>
  <node id="1326472543" lat="37.5236491" lon="127.0352347"/>
  <node id="1326472554" lat="37.5282588" lon="127.0367436"/>
  <node id="1326472559" lat="37.5239508" lon="127.0384096"/>
  <node id="1326472560" lat="37.5290483" lon="127.0325633"/>
  <node id="1326472562" lat="37.5273557" lon="127.0405452"/>
  <node id="1326472566" lat="37.5263428" lon="127.0346977"/>
  <node id="1326472569" lat="37.5259535" lon="127.0391184"/>
  <node id="1326472579" lat="37.5268994" lon="127.0349294"/>
  <node id="1326472581" lat="37.5254510" lon="127.0348504"/>
  <node id="1326472583" lat="37.5232886" lon="127.0341208"/>
  <node id="1326472590" lat="37.5266174" lon="127.0361733"/>
  <node id="1326472592" lat="37.5255601" lon="127.0358216"/>
  <node id="1326472596" lat="37.5231716" lon="127.0382648">
    <tag k="crossing:island" v="no"/>
    <tag k="crossing:markings" v="yes"/>
    <tag k="crossing:signals" v="no"/>
    <tag k="highway" v="crossing"/>
    <tag k="tactile_paving" v="yes"/>
  </node>
  <node id="1326472597" lat="37.5257607" lon="127.0399898"/>
  <node id="1326472598" lat="37.5243097" lon="127.0340953"/>
  <node id="1326472600" lat="37.5288343" lon="127.0369488"/>
  <node id="1326472604" lat="37.5283650" lon="127.0383726"/>
  <node id="1326472606" lat="37.5247416" lon="127.0371613"/>
  <node id="1326472607" lat="37.5248405" lon="127.0387181"/>
  <node id="1326472615" lat="37.5290169" lon="127.0357726"/>
  <node id="1326472618" lat="37.5272166" lon="127.0368528"/>
  <node id="1326472622" lat="37.5252228" lon="127.0397930"/>
  <node id="1326472625" lat="37.5246589" lon="127.0395894"/>
  <node id="1326472635" lat="37.5287343" lon="127.0369198"/>
  <node id="1326472639" lat="37.5273631" lon="127.0380087"/>
  <node id="1326472643" lat="37.5249440" lon="127.0371031"/>
  <node id="1326472645" lat="37.5279395" lon="127.0382161"/>
  <node id="1326472647" lat="37.5277229" lon="127.0352500"/>
  <node id="1326472648" lat="37.5262555" lon="127.0350992"/>
  <node id="1780453718" lat="37.5207192" lon="127.0282136"/>
  <node id="1780453725" lat="37.5201414" lon="127.0281691"/>
  <node id="1780453726" lat="37.5201672" lon="127.0280223"/>
  <node id="1780475794" lat="37.5236316" lon="127.0304782"/>
  <node id="1780475796" lat="37.5275603" lon="127.0292992"/>
  <node id="1780475798" lat="37.5217873" lon="127.0313264"/>
  <node id="1780475800" lat="37.5229919" lon="127.0331998"/>
  <node id="1780475810" lat="37.5220569" lon="127.0304005"/>
  <node id="1780475812" lat="37.5220974" lon="127.0289536"/>
  <node id="1780475815" lat="37.5220782" lon="127.0297261"/>
  <node id="1780475817" lat="37.5284325" lon="127.0335808"/>
  <node id="1780475818" lat="37.5220158" lon="127.0313341"/>
  <node id="1780475820" lat="37.5214935" lon="127.0306657"/>
  <node id="1780475822" lat="37.5221368" lon="127.0282967"/>
  <node id="1780475824" lat="37.5223995" lon="127.0313490"/>
  <node id="1780475825" lat="37.5237391" lon="127.0290244"/>
  <node id="1780475826" lat="37.5244975" lon="127.0284749"/>
  <node id="1780475833" lat="37.5226919" lon="127.0314029"/>
  <node id="1780475834" lat="37.5212989" lon="127.0300641"/>
  <node id="1780475838" lat="37.5266318" lon="127.0286380"/>
  <node id="1853555158" lat="37.5229623" lon="127.0282197"/>
  <node id="1853555159" lat="37.5229862" lon="127.0275536"/>
  <node id="1853555160" lat="37.5230275" lon="127.0264736"/>
  <node id="1853555161" lat="37.5231153" lon="127.0304540"/>
  <node id="1853555162" lat="37.5231474" lon="127.0218217"/>
  <node id="1853555166" lat="37.5234865" lon="127.0224692">
    <tag k="highway" v="traffic_signals"/>
    <tag k="traffic_signals" v="signal"/>
  </node>
  <node id="1853555167" lat="37.5238368" lon="127.0231711"/>
  <node id="1853555169" lat="37.5242592" lon="127.0290358"/>
  <node id="1853555171" lat="37.5244324" lon="127.0243503"/>
  <node id="1853555172" lat="37.5245962" lon="127.0276612"/>
  <node id="1853555173" lat="37.5269211" lon="127.0292722"/>
  <node id="1853555174" lat="37.5278069" lon="127.0282708"/>
  <node id="1853555175" lat="37.5278122" lon="127.0280652"/>
  <node id="1853555176" lat="37.5279151" lon="127.0283913"/>
  <node id="1853555178" lat="37.5281458" lon="127.0280190"/>
  <node id="1853555179" lat="37.5280842" lon="127.0278596"/>
  <node id="1853555180" lat="37.5282144" lon="127.0281434"/>
  <node id="1853555181" lat="37.5282856" lon="127.0282800"/>
  <node id="1872569976" lat="37.5069441" lon="127.0401037"/>
  <node id="1905044351" lat="37.5186699" lon="127.0407563"/>
  <node id="1905044353" lat="37.5271441" lon="127.0404799"/>
  <node id="1905044356" lat="37.5227172" lon="127.0392501"/>
  <node id="1905044364" lat="37.5216695" lon="127.0396350"/>
  <node id="1905044366" lat="37.5270736" lon="127.0438111"/>
  <node id="1905044368" lat="37.5240489" lon="127.0393818"/>
  <node id="1905044370" lat="37.5264237" lon="127.0402222"/>
  <node id="1905074719" lat="37.5278244" lon="127.0407079"/>
  <node id="1948704944" lat="37.5170797" lon="127.0353171"/>
  <node id="2032775485" lat="37.5206578" lon="127.0280524"/>
  <node id="2032775499" lat="37.5230382" lon="127.0355410"/>
  <node id="2032775511" lat="37.5234458" lon="127.0367966"/>
  <node id="2032775518" lat="37.5240733" lon="127.0364869"/>
  <node id="2032775525" lat="37.5247846" lon="127.0378548"/>
  <node id="2032775539" lat="37.5254764" lon="127.0306156"/>
  <node id="2032775545" lat="37.5255736" lon="127.0381194"/>
  <node id="2032775548" lat="37.5255346" lon="127.0291731"/>
  <node id="2032775554" lat="37.5260572" lon="127.0359707"/>
  <node id="2032775557" lat="37.5260750" lon="127.0263376"/>
  <node id="2032775560" lat="37.5261339" lon="127.0383155"/>
  <node id="2032775563" lat="37.5261460" lon="127.0262828"/>
  <node id="2032924051" lat="37.5275682" lon="127.0334674"/>
  <node id="2032924055" lat="37.5277197" lon="127.0284538"/>
  <node id="2032924056" lat="37.5278016" lon="127.0284268"/>
  <node id="2032924071" lat="37.5281196" lon="127.0301698"/>
  <node id="2032924079" lat="37.5281610" lon="127.0298161"/>
  <node id="2032924098" lat="37.5282245" lon="127.0282992"/>
  <node id="2032924154" lat="37.5284857" lon="127.0300015"/>
  <node id="2032924166" lat="37.5286129" lon="127.0297377"/>
  <node id="2032924217" lat="37.5287545" lon="127.0309780"/>
  <node id="2032924219" lat="37.5287479" lon="127.0281432"/>
  <node id="2032924292" lat="37.5288736" lon="127.0298436"/>
  <node id="2032924330" lat="37.5291123" lon="127.0295536"/>
  <node id="2032924399" lat="37.5292579" lon="127.0279929"/>
  <node id="2032924486" lat="37.5293732" lon="127.0296664"/>
  <node id="2032924554" lat="37.5295828" lon="127.0293801"/>
  <node id="2032924721" lat="37.5297989" lon="127.0278351"/>
  <node id="2032924846" lat="37.5301103" lon="127.0291855"/>
  <node id="2032924896" lat="37.5302523" lon="127.0277042"/>
  <node id="2032924937" lat="37.5303760" lon="127.0276763"/>
  <node id="2032924950" lat="37.5304424" lon="127.0292586"/>
  <node id="2032924972" lat="37.5307112" lon="127.0302566"/>
  <node id="2032924999" lat="37.5308037" lon="127.0275551"/>
  <node id="2032925353" lat="37.5318073" lon="127.0272648"/>
  <node id="2036964439" lat="37.5289810" lon="127.0280770"/>
  <node id="2036964516" lat="37.5299566" lon="127.0294331"/>
  <node id="2036964771" lat="37.5311577" lon="127.0274316"/>
  <node id="2049605108" lat="37.5117996" lon="127.0357151"/>
  <node id="2279487899" lat="37.5152955" lon="127.0352937"/>
  <node id="2279487900" lat="37.5154754" lon="127.0352884"/>
  <node id="2279499497" lat="37.5207959" lon="127.0317891"/>
  <node id="2279499498" lat="37.5214392" lon="127.0337787"/>
  <node id="2279499499" lat="37.5215510" lon="127.0337371"/>
  <node id="2279499500" lat="37.5222427" lon="127.0359504"/>
  <node id="2279499501" lat="37.5225769" lon="127.0374071"/>
  <node id="2279499502" lat="37.5226994" lon="127.0373918"/>
  <node id="2279499503" lat="37.5229701" lon="127.0382854"/>
  <node id="2279499505" lat="37.5232289" lon="127.0399940"/>
  <node id="2279499506" lat="37.5232014" lon="127.0390242"/>
  <node id="2279499507" lat="37.5232994" lon="127.0405638"/>
  <node id="2279499508" lat="37.5233557" lon="127.0400238"/>
  <node id="2279499509" lat="37.5233976" lon="127.0413649"/>
  <node id="2279499510" lat="37.5235239" lon="127.0413776"/>
  <node id="2279499511" lat="37.5236051" lon="127.0430330"/>
  <node id="2279499512" lat="37.5237273" lon="127.0430147"/>
  <node id="2279499513" lat="37.5238063" lon="127.0446590"/>
  <node id="2279499514" lat="37.5237896" lon="127.0435168"/>
  <node id="2279499515" lat="37.5239241" lon="127.0456101"/>
  <node id="2279499516" lat="37.5239291" lon="127.0446392"/>
  <node id="2279499517" lat="37.5240115" lon="127.0463166"/>
  <node id="2279499518" lat="37.5240920" lon="127.0469673"/>
  <node id="2279499520" lat="37.5241480" lon="127.0464017"/>
  <node id="2279499521" lat="37.5242581" lon="127.0472876"/>
  <node id="2280678799" lat="37.5026680" lon="127.0425089"/>
  <node id="2281733399" lat="37.5232494" lon="127.0391681"/>
  <node id="2282830004" lat="37.5171092" lon="127.0413315"/>
  <node id="2282830005" lat="37.5172852" lon="127.0412532"/>
  <node id="2704042936" lat="37.5281767" lon="127.0391339"/>
  <node id="2704042952" lat="37.5282746" lon="127.0391703"/>
  <node id="2704043571" lat="37.5309924" lon="127.0401436"/>
  <node id="2861603661" lat="37.5217934" lon="127.0281338"/>
  <node id="2861603662" lat="37.5237810" lon="127.0276113"/>
  <node id="2861603663" lat="37.5237750" lon="127.0282764"/>
  <node id="2861603664" lat="37.5261357" lon="127.0264600"/>
  <node id="2861603665" lat="37.5257052" lon="127.0268735"/>
  <node id="2861603666" lat="37.5256474" lon="127.0270426"/>
  <node id="2861603667" lat="37.5255572" lon="127.0283129"/>
  <node id="3242819194" lat="37.5209162" lon="127.0317299"/>
  <node id="3242819196" lat="37.5229047" lon="127.0213615"/>
  <node id="3242819197" lat="37.5255933" lon="127.0277370"/>
  <node id="3624389951" lat="37.5267972" lon="127.0445386"/>
  <node id="3624389952" lat="37.5261639" lon="127.0443118"/>
  <node id="3624476175" lat="37.5279902" lon="127.0398370"/>
  <node id="3624476176" lat="37.5282680" lon="127.0354784"/>
  <node id="3636113153" lat="37.5278942" lon="127.0315273"/>
  <node id="3785287055" lat="37.5188465" lon="127.0349318"/>
  <node id="3785294659" lat="37.5192758" lon="127.0378141"/>
  <node id="3785294660" lat="37.5196029" lon="127.0346038"/>
  <node id="3785294661" lat="37.5196540" lon="127.0394385"/>
  <node id="3785294662" lat="37.5198440" lon="127.0377475"/>
  <node id="3785294665" lat="37.5201838" lon="127.0392508"/>
  <node id="3785294667" lat="37.5203273" lon="127.0369097"/>
  <node id="3785294668" lat="37.5203950" lon="127.0401108"/>
  <node id="3785294669" lat="37.5204943" lon="127.0376215"/>
  <node id="3785294670" lat="37.5207336" lon="127.0340997"/>
  <node id="3785294671" lat="37.5208793" lon="127.0366237"/>
  <node id="3785294672" lat="37.5208236" lon="127.0390123"/>
  <node id="3785294673" lat="37.5211672" lon="127.0375327"/>
  <node id="3785294674" lat="37.5214451" lon="127.0363397"/>
  <node id="3785294675" lat="37.5214555" lon="127.0387758"/>
  <node id="3785294676" lat="37.5218076" lon="127.0374934"/>
  <node id="3785294677" lat="37.5221162" lon="127.0359938"/>
  <node id="3785294678" lat="37.5228428" lon="127.0382682"/>
  <node id="3958794766" lat="37.5061572" lon="127.0408521"/>
  <node id="4139192733" lat="37.5197946" lon="127.0281833"/>
  <node id="4158771895" lat="37.5221315" lon="127.0385324"/>
  <node id="4179707472" lat="37.5259620" lon="127.0451310"/>
  <node id="4179707473" lat="37.5266603" lon="127.0454306"/>
  <node id="4179788992" lat="37.5235898" lon="127.0372798"/>
  <node id="4179788993" lat="37.5238116" lon="127.0379628"/>
  <node id="4179788994" lat="37.5246822" lon="127.0362103"/>
  <node id="4179788995" lat="37.5258608" lon="127.0395498"/>
  <node id="4179788996" lat="37.5274614" lon="127.0401315"/>
  <node id="4179788997" lat="37.5271271" lon="127.0395200"/>
  <node id="4179788998" lat="37.5269393" lon="127.0404047"/>
  <node id="4179788999" lat="37.5277371" lon="127.0402352"/>
  <node id="4179789000" lat="37.5272705" lon="127.0395719"/>
  <node id="4179789001" lat="37.5275880" lon="127.0380930"/>
  <node id="4179789003" lat="37.5279303" lon="127.0366408"/>
  <node id="4179789004" lat="37.5258280" lon="127.0370102"/>
  <node id="4179789005" lat="37.5264326" lon="127.0369323"/>
  <node id="4179789006" lat="37.5268794" lon="127.0385013"/>
  <node id="4179789008" lat="37.5267164" lon="127.0393720"/>
  <node id="4179789009" lat="37.5266176" lon="127.0398214"/>
  <node id="4179789010" lat="37.5268146" lon="127.0389437"/>
  <node id="4179789011" lat="37.5261484" lon="127.0382468"/>
  <node id="4179789012" lat="37.5274564" lon="127.0387018"/>
  <node id="4179789013" lat="37.5253819" lon="127.0342981"/>
  <node id="4179952603" lat="37.5254490" lon="127.0314468"/>
  <node id="4179952604" lat="37.5276500" lon="127.0315969"/>
  <node id="4179952605" lat="37.5265399" lon="127.0292517"/>
  <node id="4179952606" lat="37.5264794" lon="127.0306953"/>
  <node id="4179952607" lat="37.5264475" lon="127.0315016"/>
  <node id="4179952608" lat="37.5263725" lon="127.0333241"/>
  <node id="4179952611" lat="37.5258578" lon="127.0325646"/>
  <node id="4179952612" lat="37.5258692" lon="127.0332536"/>
  <node id="4179952613" lat="37.5264089" lon="127.0326246"/>
  <node id="4179952615" lat="37.5244128" lon="127.0322069"/>
  <node id="4179952616" lat="37.5244924" lon="127.0290892"/>
  <node id="4179952617" lat="37.5244532" lon="127.0305635"/>
  <node id="4179952618" lat="37.5243755" lon="127.0330618"/>
  <node id="4179952619" lat="37.5238988" lon="127.0321676"/>
  <node id="4179952620" lat="37.5233024" lon="127.0322807"/>
  <node id="4179952621" lat="37.5227284" lon="127.0323848"/>
  <node id="4179952622" lat="37.5232081" lon="127.0314290"/>
  <node id="4179952623" lat="37.5216943" lon="127.0313266"/>
  <node id="4179952624" lat="37.5213708" lon="127.0282653"/>
  <node id="4179952625" lat="37.5218537" lon="127.0297917"/>
  <node id="4179952626" lat="37.5226724" lon="127.0289852"/>
  <node id="4179952627" lat="37.5225779" lon="127.0313926"/>
  <node id="4179952628" lat="37.5226396" lon="127.0297174"/>
  <node id="4179952629" lat="37.5234210" lon="127.0297414"/>
  <node id="4179952630" lat="37.5239729" lon="127.0305308"/>
  <node id="4179952631" lat="37.5239109" lon="127.0325510"/>
  <node id="4179952632" lat="37.5239630" lon="127.0330394"/>
  <node id="4179952634" lat="37.5239280" lon="127.0314625"/>
  <node id="4179952637" lat="37.5234979" lon="127.0330830"/>
  <node id="4179952638" lat="37.5243973" lon="127.0325686"/>
  <node id="4179952641" lat="37.5244388" lon="127.0313914"/>
  <node id="4179952642" lat="37.5254635" lon="127.0309270"/>
  <node id="4179952643" lat="37.5244480" lon="127.0308787"/>
  <node id="4180006695" lat="37.5240028" lon="127.0452328"/>
  <node id="4180006696" lat="37.5230928" lon="127.0448043"/>
  <node id="4181410607" lat="37.5198446" lon="127.0403194"/>
  <node id="4181410609" lat="37.5209927" lon="127.0398921"/>
  <node id="4181410610" lat="37.5186819" lon="127.0378701"/>
  <node id="4181410614" lat="37.5188336" lon="127.0406941"/>
  <node id="4181410616" lat="37.5183659" lon="127.0408711"/>
  <node id="4181410663" lat="37.5212591" lon="127.0357348"/>
  <node id="4181467490" lat="37.5201906" lon="127.0343467"/>
  <node id="4181467515" lat="37.5164805" lon="127.0353241"/>
  <node id="4181764358" lat="37.5145819" lon="127.0352875"/>
  <node id="4182358258" lat="37.5052533" lon="127.0414555"/>
  <node id="4309623098" lat="37.5270256" lon="127.0399800"/>
  <node id="4309918236" lat="37.5226084" lon="127.0304278"/>
  <node id="4678818002" lat="37.5207372" lon="127.0399897"/>
  <node id="4933675432" lat="37.5272642" lon="127.0299548"/>
  <node id="4933675433" lat="37.5255078" lon="127.0299015"/>
  <node id="4933675434" lat="37.5244659" lon="127.0297911"/>
  <node id="4933675435" lat="37.5240710" lon="127.0295266"/>
  <node id="4933675436" lat="37.5243177" lon="127.0296972"/>
  <node id="4933675437" lat="37.5241998" lon="127.0299958"/>
  <node id="4933675438" lat="37.5241957" lon="127.0304593"/>
  <node id="4933675439" lat="37.5251785" lon="127.0294825"/>
  <node id="4933675441" lat="37.5251640" lon="127.0302296"/>
  <node id="4933675442" lat="37.5248052" lon="127.0294149"/>
  <node id="4933675443" lat="37.5247936" lon="127.0298580"/>
  <node id="4933675444" lat="37.5247919" lon="127.0302196"/>
  <node id="4933675468" lat="37.5265081" lon="127.0299628"/>
  <node id="4933675481" lat="37.5258396" lon="127.0314705"/>
  <node id="4933675487" lat="37.5258486" lon="127.0320288"/>
  <node id="4933675492" lat="37.5244223" lon="127.0319714"/>
  <node id="4946593781" lat="37.5249840" lon="127.0291304">
    <tag k="highway" v="crossing"/>
  </node>
  <node id="4946593783" lat="37.5277282" lon="127.0278172"/>
  <node id="4946593784" lat="37.5267484" lon="127.0283529"/>
  <node id="4946593787" lat="37.5274718" lon="127.0288535"/>
  <node id="4946644037" lat="37.5245785" lon="127.0283490"/>
  <node id="4946644038" lat="37.5245885" lon="127.0284376"/>
  <node id="4946644039" lat="37.5259436" lon="127.0285991"/>
  <node id="4946644060" lat="37.5270122" lon="127.0285879"/>
  <node id="4946644075" lat="37.5259058" lon="127.0292048"/>
  <node id="4968533413" lat="37.5275324" lon="127.0286091"/>
  <node id="4968534224" lat="37.5281991" lon="127.0301301"/>
  <node id="4968534238" lat="37.5294228" lon="127.0336264">
    <tag k="crossing" v="traffic_signals"/>
    <tag k="highway" v="crossing"/>
  </node>
  <node id="4968535694" lat="37.5276726" lon="127.0280412"/>
  <node id="4968626364" lat="37.5274772" lon="127.0285927">
    <tag k="crossing" v="uncontrolled"/>
    <tag k="crossing:markings" v="yes"/>
    <tag k="highway" v="crossing"/>
  </node>
  <node id="4968626365" lat="37.5274355" lon="127.0285611"/>
  <node id="4968626369" lat="37.5273768" lon="127.0284839">
    <tag k="barrier" v="kerb"/>
    <tag k="kerb" v="lowered"/>
    <tag k="tactile_paving" v="yes"/>
    <tag k="wheelchair" v="yes"/>
  </node>
  <node id="4968626370" lat="37.5271847" lon="127.0280324">
    <tag k="barrier" v="kerb"/>
    <tag k="kerb" v="lowered"/>
    <tag k="tactile_paving" v="yes"/>
    <tag k="wheelchair" v="yes"/>
  </node>
  <node id="4968626373" lat="37.5266585" lon="127.0287050">
    <tag k="highway" v="crossing"/>
  </node>
  <node id="4968626392" lat="37.5288721" lon="127.0323495"/>
  <node id="4968626951" lat="37.5286162" lon="127.0368759">
    <tag k="highway" v="crossing"/>
  </node>
  <node id="4973012286" lat="37.5264509" lon="127.0268771"/>
  <node id="4973012292" lat="37.5250041" lon="127.0242582">
    <tag k="crossing" v="uncontrolled"/>
    <tag k="crossing:markings" v="yes"/>
    <tag k="highway" v="crossing"/>
  </node>
  <node id="5034061141" lat="37.5107824" lon="127.0363828"/>
  <node id="5034061142" lat="37.5282505" lon="127.0337299"/>
  <node id="5034061143" lat="37.5278876" lon="127.0336762"/>
  <node id="5034061144" lat="37.5271683" lon="127.0335892"/>
  <node id="5034061145" lat="37.5265833" lon="127.0335263"/>
  <node id="5034061146" lat="37.5243634" lon="127.0332114"/>
  <node id="5034061147" lat="37.5255702" lon="127.0333710"/>
  <node id="5034061148" lat="37.5239984" lon="127.0331879"/>
  <node id="5034061149" lat="37.5234623" lon="127.0332496"/>
  <node id="5034061150" lat="37.5230401" lon="127.0333379"/>
  <node id="5034061151" lat="37.5227103" lon="127.0334334"/>
  <node id="5034061152" lat="37.5224014" lon="127.0335497"/>
  <node id="5034061155" lat="37.5207957" lon="127.0342812"/>
  <node id="5034061171" lat="37.5132234" lon="127.0353280"/>
  <node id="5034061177" lat="37.5104493" lon="127.0366672"/>
  <node id="5034061181" lat="37.5059150" lon="127.0410885"/>
  <node id="5109687618" lat="37.5237757" lon="127.0283705"/>
  <node id="5429355207" lat="37.5225484" lon="127.0393157"/>
  <node id="5438812401" lat="37.5276785" lon="127.0307460"/>
  <node id="5438812402" lat="37.5281331" lon="127.0303925"/>
  <node id="5438813750" lat="37.5261507" lon="127.0306719"/>
  <node id="5438813751" lat="37.5261083" lon="127.0314893"/>
  <node id="5438813900" lat="37.5239372" lon="127.0311729"/>
  <node id="5438813901" lat="37.5233458" lon="127.0311238"/>
  <node id="5438813902" lat="37.5230953" lon="127.0314632"/>
  <node id="5443360313" lat="37.5264913" lon="127.0304027"/>
  <node id="5443360314" lat="37.5259335" lon="127.0303688"/>
  <node id="5761152201" lat="37.5237532" lon="127.0352095">
    <tag k="barrier" v="gate"/>
    <tag k="locked" v="no"/>
    <tag k="vehicle" v="yes"/>
  </node>
  <node id="5761152202" lat="37.5247441" lon="127.0347423"/>
  <node id="5761152205" lat="37.5244294" lon="127.0348907"/>
  <node id="5761152206" lat="37.5245267" lon="127.0352404"/>
  <node id="5761152207" lat="37.5239229" lon="127.0351295"/>
  <node id="5761152208" lat="37.5240802" lon="127.0356112"/>
  <node id="5761152209" lat="37.5244566" lon="127.0354304"/>
  <node id="5761152210" lat="37.5245625" lon="127.0352380"/>
  <node id="5761152211" lat="37.5245970" lon="127.0352509"/>
  <node id="5761152212" lat="37.5244465" lon="127.0353924"/>
  <node id="5761152213" lat="37.5244459" lon="127.0353523"/>
  <node id="5761152214" lat="37.5244548" lon="127.0353138"/>
  <node id="5761152215" lat="37.5244724" lon="127.0352804"/>
  <node id="5761152216" lat="37.5244971" lon="127.0352552"/>
  <node id="5761152217" lat="37.5246259" lon="127.0352777"/>
  <node id="5761152218" lat="37.5246460" lon="127.0353152"/>
  <node id="5761152219" lat="37.5246550" lon="127.0353591"/>
  <node id="5761152220" lat="37.5246517" lon="127.0354042"/>
  <node id="5761153121" lat="37.5246365" lon="127.0354453"/>
  <node id="5761153122" lat="37.5246113" lon="127.0354775"/>
  <node id="5761153123" lat="37.5245790" lon="127.0354972"/>
  <node id="5761153124" lat="37.5245432" lon="127.0355020"/>
  <node id="5761153125" lat="37.5245083" lon="127.0354914"/>
  <node id="5761153126" lat="37.5244783" lon="127.0354665"/>
  <node id="5761153127" lat="37.5238108" lon="127.0348396"/>
  <node id="5761153128" lat="37.5237911" lon="127.0346061"/>
  <node id="5761153129" lat="37.5239567" lon="127.0343866"/>
  <node id="5761153130" lat="37.5241869" lon="127.0343512"/>
  <node id="5761153131" lat="37.5244086" lon="127.0345247"/>
  <node id="5761153132" lat="37.5244944" lon="127.0348601"/>
  <node id="5761153133" lat="37.5243552" lon="127.0334225"/>
  <node id="5812469203" lat="37.5278263" lon="127.0370389"/>
  <node id="5812469204" lat="37.5273941" lon="127.0368325"/>
  <node id="5812469206" lat="37.5276542" lon="127.0377754"/>
  <node id="5825516606" lat="37.5255067" lon="127.0348394"/>
  <node id="5825516607" lat="37.5255403" lon="127.0335384"/>
  <node id="5994874847" lat="37.5259133" lon="127.0325920"/>
  <node id="5994874848" lat="37.5234520" lon="127.0326322"/>
  <node id="5994874850" lat="37.5268988" lon="127.0385652"/>
  <node id="5994874851" lat="37.5275912" lon="127.0396885"/>
  <node id="5996195664" lat="37.5270559" lon="127.0280364">
    <tag k="crossing" v="traffic_signals"/>
    <tag k="crossing:markings" v="yes"/>
    <tag k="highway" v="crossing"/>
  </node>
  <node id="5996195665" lat="37.5269771" lon="127.0281046">
    <tag k="crossing" v="traffic_signals"/>
    <tag k="crossing:markings" v="yes"/>
    <tag k="highway" v="crossing"/>
  </node>
  <node id="5996195667" lat="37.5260583" lon="127.0261247">
    <tag k="crossing" v="uncontrolled"/>
    <tag k="crossing:markings" v="yes"/>
    <tag k="highway" v="crossing"/>
  </node>
  <node id="5996195668" lat="37.5259903" lon="127.0261735">
    <tag k="crossing" v="uncontrolled"/>
    <tag k="crossing:markings" v="yes"/>
    <tag k="highway" v="crossing"/>
  </node>
  <node id="5996195670" lat="37.5250922" lon="127.0241859">
    <tag k="crossing" v="uncontrolled"/>
    <tag k="crossing:markings" v="yes"/>
    <tag k="highway" v="crossing"/>
  </node>
  <node id="6018335006" lat="37.5263994" lon="127.0267801"/>
  <node id="6018335018" lat="37.5267632" lon="127.0274778"/>
  <node id="6222192823" lat="37.5292506" lon="127.0341207">
    <tag k="crossing" v="uncontrolled"/>
    <tag k="crossing:markings" v="yes"/>
    <tag k="highway" v="crossing"/>
  </node>
  <node id="6222192826" lat="37.5288529" lon="127.0336394">
    <tag k="crossing" v="uncontrolled"/>
    <tag k="crossing:markings" v="yes"/>
    <tag k="highway" v="crossing"/>
  </node>
  <node id="6222192827" lat="37.5288865" lon="127.0338336">
    <tag k="crossing" v="uncontrolled"/>
    <tag k="crossing:markings" v="yes"/>
    <tag k="highway" v="crossing"/>
  </node>
  <node id="6222192829" lat="37.5292018" lon="127.0334334">
    <tag k="crossing" v="uncontrolled"/>
    <tag k="crossing:markings" v="yes"/>
    <tag k="highway" v="crossing"/>
  </node>
  <node id="6222192830" lat="37.5290814" lon="127.0334565">
    <tag k="crossing" v="uncontrolled"/>
    <tag k="crossing:markings" v="yes"/>
    <tag k="highway" v="crossing"/>
  </node>
  <node id="6222192833" lat="37.5284578" lon="127.0313344">
    <tag k="highway" v="crossing"/>
  </node>
  <node id="6222192834" lat="37.5280485" lon="127.0304551">
    <tag k="highway" v="crossing"/>
  </node>
  <node id="6222192835" lat="37.5274895" lon="127.0292917">
    <tag k="highway" v="crossing"/>
  </node>
  <node id="6222192836" lat="37.5272667" lon="127.0286870">
    <tag k="crossing" v="traffic_signals"/>
    <tag k="crossing:markings" v="yes"/>
    <tag k="highway" v="crossing"/>
  </node>
  <node id="6222192837" lat="37.5273515" lon="127.0286232">
    <tag k="crossing" v="traffic_signals"/>
    <tag k="crossing:markings" v="yes"/>
    <tag k="highway" v="crossing"/>
  </node>
  <node id="6222192838" lat="37.5274178" lon="127.0285452"/>
  <node id="6222192839" lat="37.5273576" lon="127.0284416">
    <tag k="crossing" v="traffic_signals"/>
    <tag k="crossing:markings" v="yes"/>
    <tag k="highway" v="crossing"/>
  </node>
  <node id="6222192840" lat="37.5272565" lon="127.0281846">
    <tag k="crossing" v="traffic_signals"/>
    <tag k="crossing:markings" v="yes"/>
    <tag k="highway" v="crossing"/>
  </node>
  <node id="6224082182" lat="37.5262825" lon="127.0265596"/>
  <node id="6224082183" lat="37.5262113" lon="127.0266175"/>
  <node id="6224082492" lat="37.5263607" lon="127.0283504"/>
  <node id="6224082493" lat="37.5263559" lon="127.0286211"/>
  <node id="6224082494" lat="37.5236338" lon="127.0282718">
    <tag k="button_operated" v="no"/>
    <tag k="crossing:signals" v="yes"/>
    <tag k="highway" v="crossing"/>
    <tag k="tactile_paving" v="yes"/>
  </node>
  <node id="6224082495" lat="37.5236290" lon="127.0283681">
    <tag k="button_operated" v="no"/>
    <tag k="crossing:signals" v="yes"/>
    <tag k="highway" v="crossing"/>
    <tag k="tactile_paving" v="yes"/>
  </node>
  <node id="6224082496" lat="37.5216519" lon="127.0281245">
    <tag k="button_operated" v="no"/>
    <tag k="crossing:signals" v="yes"/>
    <tag k="highway" v="crossing"/>
    <tag k="tactile_paving" v="yes"/>
  </node>
  <node id="6224082497" lat="37.5216477" lon="127.0282799">
    <tag k="button_operated" v="no"/>
    <tag k="crossing:signals" v="yes"/>
    <tag k="highway" v="crossing"/>
    <tag k="tactile_paving" v="yes"/>
  </node>
  <node id="6224082502" lat="37.5199450" lon="127.0281579">
    <tag k="crossing:signals" v="yes"/>
    <tag k="highway" v="crossing"/>
    <tag k="tactile_paving" v="yes"/>
  </node>
  <node id="6224082505" lat="37.5196947" lon="127.0283490">
    <tag k="crossing:signals" v="yes"/>
    <tag k="highway" v="crossing"/>
    <tag k="tactile_paving" v="yes"/>
  </node>
  <node id="6225367242" lat="37.5291136" lon="127.0336773"/>
  <node id="6225367243" lat="37.5291262" lon="127.0338807"/>
  <node id="6225367246" lat="37.5288934" lon="127.0357325">
    <tag k="highway" v="crossing"/>
  </node>
  <node id="6225367247" lat="37.5288967" lon="127.0369708">
    <tag k="highway" v="crossing"/>
  </node>
  <node id="6225367248" lat="37.5286859" lon="127.0393201"/>
  <node id="6225367249" lat="37.5280585" lon="127.0407897">
    <tag k="highway" v="crossing"/>
  </node>
  <node id="6225367250" lat="37.5280506" lon="127.0404723"/>
  <node id="6225367251" lat="37.5279499" lon="127.0404387">
    <tag k="highway" v="crossing"/>
  </node>
  <node id="6225367252" lat="37.5278406" lon="127.0404071">
    <tag k="highway" v="crossing"/>
  </node>
  <node id="6225367253" lat="37.5278063" lon="127.0410145">
    <tag k="highway" v="crossing"/>
  </node>
  <node id="6225367254" lat="37.5276882" lon="127.0409711">
    <tag k="highway" v="crossing"/>
  </node>
  <node id="6225367255" lat="37.5242295" lon="127.0470576">
    <tag k="crossing:signals" v="yes"/>
    <tag k="highway" v="crossing"/>
    <tag k="tactile_paving" v="yes"/>
  </node>
  <node id="6225367256" lat="37.5241110" lon="127.0471205">
    <tag k="crossing:signals" v="yes"/>
    <tag k="highway" v="crossing"/>
    <tag k="tactile_paving" v="yes"/>
  </node>
  <node id="6225367257" lat="37.5244267" lon="127.0471984">
    <tag k="crossing:signals" v="yes"/>
    <tag k="highway" v="crossing"/>
    <tag k="tactile_paving" v="yes"/>
  </node>
  <node id="6225367258" lat="37.5244334" lon="127.0473167">
    <tag k="crossing:signals" v="yes"/>
    <tag k="highway" v="crossing"/>
    <tag k="tactile_paving" v="yes"/>
  </node>
  <node id="6225367797" lat="37.5155975" lon="127.0352928">
    <tag k="button_operated" v="no"/>
    <tag k="crossing" v="traffic_signals"/>
    <tag k="highway" v="crossing"/>
    <tag k="tactile_paving" v="yes"/>
    <tag k="traffic_signals:sound" v="yes"/>
    <tag k="traffic_signals:vibration" v="no"/>
  </node>
  <node id="6225367803" lat="37.5151797" lon="127.0352941">
    <tag k="highway" v="crossing"/>
  </node>
  <node id="6245318166" lat="37.5264378" lon="127.0283138">
    <tag k="highway" v="crossing"/>
  </node>
  <node id="6245318167" lat="37.5255591" lon="127.0282838">
    <tag k="highway" v="crossing"/>
  </node>
  <node id="6245318168" lat="37.5245799" lon="127.0281911">
    <tag k="crossing:island" v="no"/>
    <tag k="crossing:markings" v="yes"/>
    <tag k="crossing:signals" v="no"/>
    <tag k="highway" v="crossing"/>
    <tag k="tactile_paving" v="yes"/>
  </node>
  <node id="6245318169" lat="37.5237784" lon="127.0281566">
    <tag k="crossing:island" v="no"/>
    <tag k="crossing:markings" v="yes"/>
    <tag k="crossing:signals" v="no"/>
    <tag k="highway" v="crossing"/>
    <tag k="tactile_paving" v="no"/>
  </node>
  <node id="6245318170" lat="37.5251701" lon="127.0298727">
    <tag k="highway" v="crossing"/>
  </node>
  <node id="6245318172" lat="37.5236400" lon="127.0281488"/>
  <node id="6245318175" lat="37.5240842" lon="127.0282122"/>
  <node id="6247513828" lat="37.5305884" lon="127.0416499"/>
  <node id="6247513829" lat="37.5305173" lon="127.0416247"/>
  <node id="6247513831" lat="37.5309237" lon="127.0401144"/>
  <node id="6309939715" lat="37.5281648" lon="127.0283188">
    <tag k="crossing" v="uncontrolled"/>
    <tag k="crossing:markings" v="yes"/>
    <tag k="highway" v="crossing"/>
  </node>
  <node id="6309939717" lat="37.5290626" lon="127.0280517">
    <tag k="crossing" v="uncontrolled"/>
    <tag k="crossing:markings" v="yes"/>
    <tag k="highway" v="crossing"/>
  </node>
  <node id="6309939737" lat="37.5306414" lon="127.0301904">
    <tag k="highway" v="crossing"/>
  </node>
  <node id="6309939744" lat="37.5278288" lon="127.0285285"/>
  <node id="6309939746" lat="37.5301373" lon="127.0277404">
    <tag k="crossing" v="uncontrolled"/>
    <tag k="crossing:markings" v="yes"/>
    <tag k="highway" v="crossing"/>
  </node>
  <node id="6597565673" lat="37.5284522" lon="127.0337570"/>
  <node id="7509242946" lat="37.5278937" lon="127.0278309"/>
  <node id="7510250546" lat="37.5270697" lon="127.0307435"/>
  <node id="7510250547" lat="37.5270435" lon="127.0315443"/>
  <node id="7510250548" lat="37.5271250" lon="127.0307480"/>
  <node id="7510250549" lat="37.5271556" lon="127.0300003"/>
  <node id="7510250551" lat="37.5243164" lon="127.0241243"/>
  <node id="7510250552" lat="37.5235278" lon="127.0317592"/>
  <node id="7510250553" lat="37.5232311" lon="127.0318137"/>
  <node id="7510250555" lat="37.5238684" lon="127.0322204"/>
  <node id="7510250556" lat="37.5239145" lon="127.0320813"/>
  <node id="7510250557" lat="37.5234427" lon="127.0311657"/>
  <node id="7510250560" lat="37.5229251" lon="127.0289900"/>
  <node id="7510250561" lat="37.5229656" lon="127.0283360"/>
  <node id="7510250576" lat="37.5269732" lon="127.0363005"/>
  <node id="7510250577" lat="37.5272410" lon="127.0350624"/>
  <node id="7510250578" lat="37.5274174" lon="127.0342161"/>
  <node id="7510250579" lat="37.5277088" lon="127.0343180"/>
  <node id="7510250580" lat="37.5278181" lon="127.0343400"/>
  <node id="7510250581" lat="37.5271422" lon="127.0338524"/>
  <node id="7510250582" lat="37.5270876" lon="127.0341014"/>
  <node id="7510250583" lat="37.5278929" lon="127.0367909"/>
  <node id="7510250584" lat="37.5278398" lon="127.0367736"/>
  <node id="7510293088" lat="37.5264659" lon="127.0368493"/>
  <node id="7510293089" lat="37.5265735" lon="127.0336656"/>
  <node id="7510293090" lat="37.5244942" lon="127.0322043"/>
  <node id="7510293091" lat="37.5220112" lon="127.0297205"/>
  <node id="7513254324" lat="37.5217887" lon="127.0344894"/>
  <node id="7513254325" lat="37.5225846" lon="127.0341199"/>
  <node id="7514035480" lat="37.5222156" lon="127.0414229"/>
  <node id="7514035481" lat="37.5221796" lon="127.0416366"/>
  <node id="7514035482" lat="37.5219257" lon="127.0415629"/>
  <node id="7514035483" lat="37.5227088" lon="127.0417707"/>
  <node id="7514048885" lat="37.5248925" lon="127.0405292"/>
  <node id="7514048886" lat="37.5248440" lon="127.0407560"/>
  <node id="7514048887" lat="37.5248201" lon="127.0407754"/>
  <node id="7514048888" lat="37.5245457" lon="127.0406869"/>
  <node id="7514048889" lat="37.5245388" lon="127.0406648"/>
  <node id="7514048890" lat="37.5245928" lon="127.0404242"/>
  <node id="7514048891" lat="37.5247978" lon="127.0389231"/>
  <node id="7514048892" lat="37.5242622" lon="127.0387376"/>
  <node id="7514048893" lat="37.5243089" lon="127.0385324"/>
  <node id="7514048896" lat="37.5206746" lon="127.0375977"/>
  <node id="7514048897" lat="37.5240162" lon="127.0379401"/>
  <node id="7514048898" lat="37.5239713" lon="127.0372405"/>
  <node id="7514048899" lat="37.5237482" lon="127.0377675"/>
  <node id="7514048900" lat="37.5234310" lon="127.0379376"/>
  <node id="7514048901" lat="37.5232329" lon="127.0373247"/>
  <node id="7514048902" lat="37.5237404" lon="127.0366512"/>
  <node id="7514048903" lat="37.5233434" lon="127.0353884"/>
  <node id="7514048904" lat="37.5228830" lon="127.0350547"/>
  <node id="7514048905" lat="37.5225652" lon="127.0352125"/>
  <node id="7514048906" lat="37.5233200" lon="127.0364090"/>
  <node id="7514048907" lat="37.5230055" lon="127.0365523"/>
  <node id="7514048908" lat="37.5227232" lon="127.0357031"/>
  <node id="7514048909" lat="37.5232765" lon="127.0314116"/>
  <node id="7514048912" lat="37.5205064" lon="127.0304339"/>
  <node id="7521833572" lat="37.5277513" lon="127.0350757"/>
  <node id="7521833573" lat="37.5276020" lon="127.0326939"/>
  <node id="7521833574" lat="37.5281443" lon="127.0325627"/>
  <node id="7521833577" lat="37.5321383" lon="127.0271647"/>
  <node id="7521833584" lat="37.5282263" lon="127.0325533"/>
  <node id="7521872986" lat="37.5249200" lon="127.0238392"/>
  <node id="7521872988" lat="37.5254930" lon="127.0384938"/>
  <node id="7521872994" lat="37.5268643" lon="127.0384456"/>
  <node id="7521872995" lat="37.5262364" lon="127.0378643"/>
  <node id="7521872996" lat="37.5257643" lon="127.0372879"/>
  <node id="7521872997" lat="37.5263203" lon="127.0374845"/>
  <node id="7521873185" lat="37.5252125" lon="127.0379983"/>
  <node id="7521873186" lat="37.5253173" lon="127.0375380"/>
  <node id="7521873187" lat="37.5256763" lon="127.0376718"/>
  <node id="7527831654" lat="37.5178130" lon="127.0352743"/>
  <node id="7527831655" lat="37.5086767" lon="127.0383739"/>
  <node id="7527831658" lat="37.5056046" lon="127.0412989"/>
  <node id="7528331048" lat="37.5261419" lon="127.0355783"/>
  <node id="7528331049" lat="37.5267076" lon="127.0357756"/>
  <node id="7528331050" lat="37.5258725" lon="127.0334173"/>
  <node id="7528331051" lat="37.5257922" lon="127.0338647"/>
  <node id="7528331052" lat="37.5264638" lon="127.0341475"/>
  <node id="7528331064" lat="37.5259767" lon="127.0363358"/>
  <node id="7528331065" lat="37.5254937" lon="127.0361580"/>
  <node id="7528331066" lat="37.5259104" lon="127.0366363"/>
  <node id="7528331067" lat="37.5254237" lon="127.0364709"/>
  <node id="7528331068" lat="37.5261565" lon="127.0355108"/>
  <node id="7528331069" lat="37.5255048" lon="127.0352819"/>
  <node id="7528331074" lat="37.5237158" lon="127.0353377"/>
  <node id="7528331075" lat="37.5228215" lon="127.0318235"/>
  <node id="7528331076" lat="37.5228396" lon="127.0319898"/>
  <node id="7528331077" lat="37.5226095" lon="127.0320177"/>
  <node id="7528331078" lat="37.5232757" lon="127.0340815"/>
  <node id="7528331079" lat="37.5226686" lon="127.0343831"/>
  <node id="7528331080" lat="37.5227657" lon="127.0346871"/>
  <node id="7528331081" lat="37.5233773" lon="127.0343993"/>
  <node id="7528331082" lat="37.5228620" lon="127.0349890"/>
  <node id="7528331083" lat="37.5234667" lon="127.0346800"/>
  <node id="7986993962" lat="37.5259174" lon="127.0290190"/>
  <node id="7986993963" lat="37.5257691" lon="127.0290064">
    <tag k="amenity" v="parking_entrance"/>
  </node>
  <node id="8079695353" lat="37.5199229" lon="127.0290710"/>
  <node id="8283473589" lat="37.5305426" lon="127.0290261"/>
  <node id="8283473590" lat="37.5285371" lon="127.0297657"/>
  <node id="8283473596" lat="37.5301916" lon="127.0291555"/>
  <node id="8283473598" lat="37.5300400" lon="127.0292115"/>
  <node id="8283473599" lat="37.5300838" lon="127.0293844"/>
  <node id="8283473600" lat="37.5285892" lon="127.0299594"/>
  <node id="8489714176" lat="37.5262038" lon="127.0264010"/>
  <node id="8494118853" lat="37.5203866" lon="127.0305128"/>
  <node id="8495386041" lat="37.5274897" lon="127.0284922"/>
  <node id="8495386042" lat="37.5275280" lon="127.0283628"/>
  <node id="8495386043" lat="37.5275057" lon="127.0284285"/>
  <node id="8495386044" lat="37.5275611" lon="127.0285492"/>
  <node id="8495500516" lat="37.5275546" lon="127.0336359"/>
  <node id="8495621245" lat="37.5245297" lon="127.0319040"/>
  <node id="8495621246" lat="37.5245412" lon="127.0313973"/>
  <node id="8495621247" lat="37.5246701" lon="127.0319067"/>
  <node id="8495621248" lat="37.5246796" lon="127.0314052"/>
  <node id="8495725701" lat="37.5219425" lon="127.0335760"/>
  <node id="8495731628" lat="37.5219486" lon="127.0337585"/>
  <node id="8495731637" lat="37.5217814" lon="127.0344658"/>
  <node id="8495829676" lat="37.5209831" lon="127.0339862"/>
  <node id="8495829684" lat="37.5212940" lon="127.0333296"/>
  <node id="8495837334" lat="37.5216730" lon="127.0345298"/>
  <node id="8495853338" lat="37.5149557" lon="127.0352916"/>
  <node id="8495987258" lat="37.5182746" lon="127.0351846"/>
  <node id="8498595197" lat="37.5285476" lon="127.0409558"/>
  <node id="8498595198" lat="37.5287745" lon="127.0400459"/>
  <node id="8498595199" lat="37.5288107" lon="127.0399654"/>
  <node id="8498595200" lat="37.5288341" lon="127.0399064"/>
  <node id="8498595201" lat="37.5288745" lon="127.0398608"/>
  <node id="8498595202" lat="37.5289021" lon="127.0398259"/>
  <node id="8498595203" lat="37.5289988" lon="127.0394236"/>
  <node id="8498610951" lat="37.5306524" lon="127.0400170"/>
  <node id="8498610966" lat="37.5302558" lon="127.0415359"/>
  <node id="8498610976" lat="37.5290401" lon="127.0411230"/>
  <node id="8498610977" lat="37.5294166" lon="127.0395735"/>
  <node id="8498618169" lat="37.5304256" lon="127.0415936"/>
  <node id="8498624212" lat="37.5293984" lon="127.0415236"/>
  <node id="8498624213" lat="37.5283087" lon="127.0425457"/>
  <node id="8498624214" lat="37.5282778" lon="127.0425215"/>
  <node id="8498624215" lat="37.5282587" lon="127.0424893"/>
  <node id="8498624216" lat="37.5282480" lon="127.0424639"/>
  <node id="8498636517" lat="37.5282459" lon="127.0424397"/>
  <node id="8498636518" lat="37.5282459" lon="127.0424210"/>
  <node id="8498636519" lat="37.5282576" lon="127.0423874"/>
  <node id="8498636520" lat="37.5284873" lon="127.0413266"/>
  <node id="8498636521" lat="37.5285033" lon="127.0413011"/>
  <node id="8498636522" lat="37.5285214" lon="127.0412877"/>
  <node id="8498636523" lat="37.5285344" lon="127.0412837"/>
  <node id="8498636524" lat="37.5285440" lon="127.0412840"/>
  <node id="8498636525" lat="37.5285559" lon="127.0412857"/>
  <node id="8498636526" lat="37.5287335" lon="127.0413476"/>
  <node id="8498636527" lat="37.5285206" lon="127.0423308"/>
  <node id="8498636528" lat="37.5291793" lon="127.0425218"/>
  <node id="8498636529" lat="37.5287108" lon="127.0414527"/>
  <node id="8498636530" lat="37.5293619" lon="127.0416847"/>
  <node id="8498636531" lat="37.5294570" lon="127.0412646"/>
  <node id="8498636532" lat="37.5291143" lon="127.0428199"/>
  <node id="8498636533" lat="37.5284602" lon="127.0426094"/>
  <node id="8498636534" lat="37.5287998" lon="127.0410414"/>
  <node id="8498712781" lat="37.5089840" lon="127.0380822"/>
  <node id="8534904269" lat="37.5030287" lon="127.0423533"/>
  <node id="8555608444" lat="37.5027308" lon="127.0424818"/>
  <node id="8557151081" lat="37.5107443" lon="127.0364153"/>
  <node id="8557161919" lat="37.5129425" lon="127.0353721"/>
  <node id="8557584670" lat="37.5265834" lon="127.0286350"/>
  <node id="8557584671" lat="37.5265490" lon="127.0285888"/>
  <node id="8557584672" lat="37.5265371" lon="127.0285566"/>
  <node id="8557584673" lat="37.5265335" lon="127.0285184"/>
  <node id="8557584674" lat="37.5265378" lon="127.0284674"/>
  <node id="8557584675" lat="37.5265431" lon="127.0284379"/>
  <node id="8557584676" lat="37.5265540" lon="127.0284048"/>
  <node id="8557584678" lat="37.5265877" lon="127.0283646"/>
  <node id="8557584679" lat="37.5264000" lon="127.0283522"/>
  <node id="8557584680" lat="37.5264310" lon="127.0283661"/>
  <node id="8557584681" lat="37.5264107" lon="127.0286245"/>
  <node id="8557584682" lat="37.5264386" lon="127.0286099"/>
  <node id="8557584683" lat="37.5264551" lon="127.0285908"/>
  <node id="8557584684" lat="37.5264633" lon="127.0285740"/>
  <node id="8557584685" lat="37.5264750" lon="127.0285509"/>
  <node id="8557584686" lat="37.5264798" lon="127.0285244"/>
  <node id="8557584687" lat="37.5264798" lon="127.0285110"/>
  <node id="8557584688" lat="37.5264782" lon="127.0284493"/>
  <node id="8557584689" lat="37.5264676" lon="127.0284192"/>
  <node id="8557584690" lat="37.5264580" lon="127.0283957"/>
  <node id="8557584691" lat="37.5264437" lon="127.0283769"/>
  <node id="8557584692" lat="37.5263368" lon="127.0283493"/>
  <node id="8568840016" lat="37.5293120" lon="127.0335492"/>
  <node id="8568858717" lat="37.5292694" lon="127.0334204">
    <tag k="crossing" v="traffic_signals"/>
    <tag k="highway" v="crossing"/>
  </node>
  <node id="8568858718" lat="37.5291673" lon="127.0326157"/>
  <node id="8568858719" lat="37.5291205" lon="127.0323636"/>
  <node id="8568858720" lat="37.5287362" lon="127.0312101"/>
  <node id="8568858721" lat="37.5286104" lon="127.0309195"/>
  <node id="8568858722" lat="37.5283364" lon="127.0303686"/>
  <node id="8568858723" lat="37.5282284" lon="127.0301613"/>
  <node id="8568858724" lat="37.5281510" lon="127.0299986"/>
  <node id="8568858725" lat="37.5277012" lon="127.0291286"/>
  <node id="8568858726" lat="37.5275142" lon="127.0287343"/>
  <node id="8568858727" lat="37.5277540" lon="127.0285501"/>
  <node id="8568858728" lat="37.5278913" lon="127.0285105">
    <tag k="barrier" v="kerb"/>
    <tag k="kerb" v="lowered"/>
    <tag k="tactile_paving" v="yes"/>
  </node>
  <node id="8568858729" lat="37.5288425" lon="127.0282037"/>
  <node id="8568858730" lat="37.5298485" lon="127.0278948"/>
  <node id="8568858731" lat="37.5301482" lon="127.0278040"/>
  <node id="8568858732" lat="37.5302176" lon="127.0278053"/>
  <node id="8568858778" lat="37.5278756" lon="127.0282265"/>
  <node id="8568858785" lat="37.5274349" lon="127.0286921"/>
  <node id="8568858786" lat="37.5274655" lon="127.0284160"/>
  <node id="8568858787" lat="37.5273465" lon="127.0285071"/>
  <node id="8568858792" lat="37.5304951" lon="127.0290436"/>
  <node id="8568858793" lat="37.5307177" lon="127.0300714"/>
  <node id="8568858794" lat="37.5305371" lon="127.0291867"/>
  <node id="8568858795" lat="37.5306598" lon="127.0300983"/>
  <node id="8568858796" lat="37.5304620" lon="127.0292051"/>
  <node id="8568858797" lat="37.5304024" lon="127.0291876"/>
  <node id="8568858800" lat="37.5297889" lon="127.0294106"/>
  <node id="8568858801" lat="37.5287167" lon="127.0297935"/>
  <node id="8568858806" lat="37.5285577" lon="127.0298567"/>
  <node id="8568858807" lat="37.5291643" lon="127.0325994"/>
  <node id="8577408857" lat="37.5241082" lon="127.0360895"/>
  <node id="8577408858" lat="37.5240953" lon="127.0360488"/>
  <node id="8577408859" lat="37.5240792" lon="127.0359594"/>
  <node id="8577408860" lat="37.5240921" lon="127.0358537"/>
  <node id="8577408861" lat="37.5241405" lon="127.0357764"/>
  <node id="8577408862" lat="37.5242082" lon="127.0357439"/>
  <node id="8577408863" lat="37.5248724" lon="127.0358049"/>
  <node id="8577408864" lat="37.5249562" lon="127.0357683"/>
  <node id="8577408865" lat="37.5250207" lon="127.0356829"/>
  <node id="8577408866" lat="37.5250433" lon="127.0355894"/>
  <node id="8577408867" lat="37.5250530" lon="127.0354593"/>
  <node id="8577408868" lat="37.5249853" lon="127.0345649"/>
  <node id="8577408869" lat="37.5249498" lon="127.0344999"/>
  <node id="8577408870" lat="37.5248789" lon="127.0344308"/>
  <node id="8577408871" lat="37.5243984" lon="127.0342926"/>
  <node id="8577408872" lat="37.5243533" lon="127.0342926"/>
  <node id="8577408873" lat="37.5242759" lon="127.0343373"/>
  <node id="8577408874" lat="37.5242440" lon="127.0343959"/>
  <node id="8577408875" lat="37.5235515" lon="127.0349377"/>
  <node id="8577408876" lat="37.5250594" lon="127.0357073"/>
  <node id="8577408877" lat="37.5240822" lon="127.0341010"/>
  <node id="8577408878" lat="37.5244189" lon="127.0320601"/>
  <node id="8577408879" lat="37.5239160" lon="127.0320104"/>
  <node id="8577408884" lat="37.5241648" lon="127.0320344"/>
  <node id="8577408885" lat="37.5241667" lon="127.0319164"/>
  <node id="8577408886" lat="37.5242748" lon="127.0318961"/>
  <node id="8577408887" lat="37.5243274" lon="127.0318934"/>
  <node id="8577408888" lat="37.5243295" lon="127.0320503"/>
  <node id="8577408889" lat="37.5239975" lon="127.0320183"/>
  <node id="8577408890" lat="37.5242761" lon="127.0320452"/>
  <node id="8577408891" lat="37.5242708" lon="127.0320447"/>
  <node id="8577408892" lat="37.5242985" lon="127.0320473"/>
  <node id="8577408893" lat="37.5242706" lon="127.0321102"/>
  <node id="8577408894" lat="37.5240110" lon="127.0320951"/>
  <node id="8577408895" lat="37.5240231" lon="127.0320207"/>
  <node id="8577408896" lat="37.5239812" lon="127.0320167"/>
  <node id="8577408897" lat="37.5240082" lon="127.0318899"/>
  <node id="8577408903" lat="37.5238086" lon="127.0348138"/>
  <node id="8664304470" lat="37.5288642" lon="127.0338296"/>
  <node id="8727059731" lat="37.5269224" lon="127.0281517">
    <tag k="barrier" v="kerb"/>
    <tag k="kerb" v="lowered"/>
    <tag k="tactile_paving" v="yes"/>
    <tag k="wheelchair" v="yes"/>
  </node>
  <node id="8951264617" lat="37.5264214" lon="127.0268215"/>
  <node id="8954060645" lat="37.5247140" lon="127.0290956"/>
  <node id="8954060745" lat="37.5258585" lon="127.0323565"/>
  <node id="8954060847" lat="37.5231958" lon="127.0315534"/>
  <node id="9001133333" lat="37.5291515" lon="127.0325304">
    <tag k="highway" v="crossing"/>
  </node>
  <node id="9072343296" lat="37.5292278" lon="127.0353690"/>
  <node id="9072343297" lat="37.5291762" lon="127.0357105"/>
  <node id="9072343298" lat="37.5290892" lon="127.0362390"/>
  <node id="9072343299" lat="37.5289215" lon="127.0368651"/>
  <node id="9072343300" lat="37.5285540" lon="127.0382839"/>
  <node id="9072343301" lat="37.5283573" lon="127.0391214"/>
  <node id="9072343302" lat="37.5283186" lon="127.0392759"/>
  <node id="9072343303" lat="37.5280607" lon="127.0405769"/>
  <node id="9072343304" lat="37.5286217" lon="127.0408533"/>
  <node id="9072343305" lat="37.5292278" lon="127.0410769"/>
  <node id="9072343306" lat="37.5303885" lon="127.0414631"/>
  <node id="9072343307" lat="37.5306936" lon="127.0415668"/>
  <node id="9072343308" lat="37.5278520" lon="127.0410309"/>
  <node id="9072343309" lat="37.5276134" lon="127.0409478"/>
  <node id="9072343310" lat="37.5280897" lon="127.0406500"/>
  <node id="9072343311" lat="37.5280414" lon="127.0408664"/>
  <node id="9072343312" lat="37.5279937" lon="127.0408841"/>
  <node id="9072343313" lat="37.5279179" lon="127.0409301"/>
  <node id="9072343314" lat="37.5277565" lon="127.0414043"/>
  <node id="9072343315" lat="37.5277905" lon="127.0403927"/>
  <node id="9162682866" lat="37.5300717" lon="127.0398086"/>
  <node id="9162682880" lat="37.5292265" lon="127.0370868"/>
  <node id="9162682881" lat="37.5290392" lon="127.0378382"/>
  <node id="9162682882" lat="37.5289659" lon="127.0379214"/>
  <node id="9162682883" lat="37.5288241" lon="127.0384852"/>
  <node id="9162682884" lat="37.5288657" lon="127.0385838"/>
  <node id="9162682898" lat="37.5291815" lon="127.0394892"/>
  <node id="9162682906" lat="37.5306848" lon="127.0400286"/>
  <node id="9197448134" lat="37.5302291" lon="127.0291417"/>
  <node id="9197448137" lat="37.5303294" lon="127.0292135"/>
  <node id="9197448138" lat="37.5300650" lon="127.0293102"/>
  <node id="9215427667" lat="37.5306930" lon="127.0300829"/>
  <node id="9890373426" lat="37.5203428" lon="127.0303762">
    <tag k="crossing:signals" v="yes"/>
    <tag k="highway" v="crossing"/>
  </node>
  <node id="9890373428" lat="37.5206375" lon="127.0303863">
    <tag k="highway" v="crossing"/>
  </node>
  <node id="9890373429" lat="37.5210397" lon="127.0316603">
    <tag k="crossing:signals" v="yes"/>
    <tag k="highway" v="crossing"/>
  </node>
  <node id="9890373431" lat="37.5208533" lon="127.0319667">
    <tag k="crossing:signals" v="yes"/>
    <tag k="highway" v="crossing"/>
  </node>
  <node id="9890373434" lat="37.5215281" lon="127.0340773">
    <tag k="button_operated" v="no"/>
    <tag k="crossing:signals" v="yes"/>
    <tag k="highway" v="crossing"/>
    <tag k="kerb" v="flush"/>
    <tag k="tactile_paving" v="yes"/>
    <tag k="traffic_signals:sound" v="yes"/>
    <tag k="traffic_signals:vibration" v="yes"/>
  </node>
  <node id="9890373436" lat="37.5213108" lon="127.0338371">
    <tag k="button_operated" v="no"/>
    <tag k="crossing:signals" v="yes"/>
    <tag k="highway" v="crossing"/>
    <tag k="kerb" v="flush"/>
    <tag k="tactile_paving" v="yes"/>
    <tag k="traffic_signals:sound" v="yes"/>
    <tag k="traffic_signals:vibration" v="yes"/>
  </node>
  <node id="9890373437" lat="37.5214044" lon="127.0336710">
    <tag k="button_operated" v="no"/>
    <tag k="crossing:signals" v="yes"/>
    <tag k="highway" v="crossing"/>
    <tag k="kerb" v="flush"/>
    <tag k="tactile_paving" v="yes"/>
    <tag k="traffic_signals:sound" v="yes"/>
    <tag k="traffic_signals:vibration" v="yes"/>
  </node>
  <node id="9890373439" lat="37.5217017" lon="127.0336738">
    <tag k="button_operated" v="no"/>
    <tag k="crossing:signals" v="yes"/>
    <tag k="highway" v="crossing"/>
    <tag k="kerb" v="flush"/>
    <tag k="tactile_paving" v="yes"/>
    <tag k="traffic_signals:sound" v="yes"/>
    <tag k="traffic_signals:vibration" v="yes"/>
  </node>
  <node id="9890373441" lat="37.5220251" lon="127.0360408">
    <tag k="crossing:signals" v="no"/>
    <tag k="highway" v="crossing"/>
  </node>
  <node id="9890373442" lat="37.5220409" lon="127.0357452">
    <tag k="button_operated" v="no"/>
    <tag k="crossing:signals" v="yes"/>
    <tag k="highway" v="crossing"/>
    <tag k="kerb" v="flush"/>
    <tag k="tactile_paving" v="yes"/>
    <tag k="traffic_signals:sound" v="yes"/>
    <tag k="traffic_signals:vibration" v="yes"/>
  </node>
  <node id="9890373443" lat="37.5221634" lon="127.0356952">
    <tag k="button_operated" v="no"/>
    <tag k="crossing:signals" v="yes"/>
    <tag k="highway" v="crossing"/>
    <tag k="kerb" v="flush"/>
    <tag k="tactile_paving" v="yes"/>
    <tag k="traffic_signals:sound" v="yes"/>
    <tag k="traffic_signals:vibration" v="yes"/>
  </node>
  <node id="9890373444" lat="37.5224741" lon="127.0358313">
    <tag k="highway" v="crossing"/>
  </node>
  <node id="9890373445" lat="37.5228659" lon="127.0373709">
    <tag k="crossing:island" v="no"/>
    <tag k="crossing:markings" v="yes"/>
    <tag k="crossing:signals" v="no"/>
    <tag k="highway" v="crossing"/>
    <tag k="tactile_paving" v="yes"/>
  </node>
  <node id="9890373446" lat="37.5224470" lon="127.0374217">
    <tag k="crossing:island" v="no"/>
    <tag k="crossing:markings" v="yes"/>
    <tag k="crossing:signals" v="no"/>
    <tag k="highway" v="crossing"/>
    <tag k="tactile_paving" v="yes"/>
  </node>
  <node id="9890373447" lat="37.5227413" lon="127.0375301">
    <tag k="crossing:signals" v="yes"/>
    <tag k="highway" v="crossing"/>
    <tag k="tactile_paving" v="yes"/>
  </node>
  <node id="9890373448" lat="37.5226317" lon="127.0375845">
    <tag k="crossing:signals" v="yes"/>
    <tag k="highway" v="crossing"/>
    <tag k="tactile_paving" v="yes"/>
  </node>
  <node id="9890373449" lat="37.5227326" lon="127.0383091">
    <tag k="crossing:island" v="no"/>
    <tag k="crossing:markings" v="yes"/>
    <tag k="crossing:signals" v="no"/>
    <tag k="highway" v="crossing"/>
    <tag k="tactile_paving" v="yes"/>
  </node>
  <node id="9890373454" lat="37.5235256" lon="127.0400651">
    <tag k="crossing:signals" v="no"/>
    <tag k="highway" v="crossing"/>
  </node>
  <node id="9890373455" lat="37.5231602" lon="127.0405877">
    <tag k="highway" v="crossing"/>
  </node>
  <node id="9890373456" lat="37.5231099" lon="127.0400410">
    <tag k="crossing:signals" v="no"/>
    <tag k="highway" v="crossing"/>
  </node>
  <node id="9890373457" lat="37.5232450" lon="127.0413988">
    <tag k="crossing:island" v="no"/>
    <tag k="crossing:signals" v="no"/>
    <tag k="highway" v="crossing"/>
  </node>
  <node id="9890373458" lat="37.5236734" lon="127.0413475">
    <tag k="crossing:island" v="no"/>
    <tag k="crossing:signals" v="no"/>
    <tag k="highway" v="crossing"/>
  </node>
  <node id="9890373459" lat="37.5234284" lon="127.0416055">
    <tag k="crossing:signals" v="yes"/>
    <tag k="highway" v="crossing"/>
  </node>
  <node id="9890373460" lat="37.5235497" lon="127.0415853">
    <tag k="crossing:signals" v="yes"/>
    <tag k="highway" v="crossing"/>
  </node>
  <node id="9890373465" lat="37.5238250" lon="127.0448096">
    <tag k="crossing:signals" v="yes"/>
    <tag k="highway" v="crossing"/>
    <tag k="tactile_paving" v="yes"/>
  </node>
  <node id="9890373466" lat="37.5239472" lon="127.0447854">
    <tag k="crossing:signals" v="yes"/>
    <tag k="highway" v="crossing"/>
    <tag k="tactile_paving" v="yes"/>
  </node>
  <node id="9890373470" lat="37.5265381" lon="127.0454745">
    <tag k="highway" v="crossing"/>
  </node>
  <node id="9890373471" lat="37.5266183" lon="127.0455250">
    <tag k="highway" v="crossing"/>
  </node>
  <node id="9890373474" lat="37.5269555" lon="127.0438935">
    <tag k="highway" v="crossing"/>
  </node>
  <node id="9890373475" lat="37.5270441" lon="127.0439266">
    <tag k="highway" v="crossing"/>
  </node>
  <node id="9890373477" lat="37.5272496" lon="127.0422776">
    <tag k="highway" v="crossing"/>
  </node>
  <node id="9890373479" lat="37.5275505" lon="127.0406143">
    <tag k="highway" v="crossing"/>
  </node>
  <node id="9890373480" lat="37.5281430" lon="127.0392609">
    <tag k="highway" v="crossing"/>
  </node>
  <node id="9890373481" lat="37.5282424" lon="127.0392961">
    <tag k="highway" v="crossing"/>
  </node>
  <node id="9890373482" lat="37.5283392" lon="127.0391938">
    <tag k="highway" v="crossing"/>
  </node>
  <node id="9890373483" lat="37.5286167" lon="127.0373823">
    <tag k="highway" v="crossing"/>
  </node>
  <node id="9890373484" lat="37.5287155" lon="127.0374202">
    <tag k="highway" v="crossing"/>
  </node>
  <node id="9890373486" lat="37.5291561" lon="127.0353995">
    <tag k="highway" v="crossing"/>
  </node>
  <node id="9890373487" lat="37.5287875" lon="127.0323762">
    <tag k="highway" v="crossing"/>
  </node>
  <node id="9890373490" lat="37.5282110" lon="127.0301248">
    <tag k="crossing" v="uncontrolled"/>
    <tag k="crossing:markings" v="yes"/>
    <tag k="highway" v="crossing"/>
  </node>
  <node id="9890373502" lat="37.5320746" lon="127.0271840">
    <tag k="crossing" v="uncontrolled"/>
    <tag k="crossing:markings" v="yes"/>
    <tag k="highway" v="crossing"/>
  </node>
  <node id="9890373503" lat="37.5273889" lon="127.0285959">
    <tag k="barrier" v="kerb"/>
    <tag k="kerb" v="lowered"/>
    <tag k="tactile_paving" v="yes"/>
    <tag k="wheelchair" v="yes"/>
  </node>
  <node id="9891543455" lat="37.5246471" lon="127.0247953">
    <tag k="highway" v="crossing"/>
  </node>
  <node id="9891543456" lat="37.5248082" lon="127.0251128">
    <tag k="highway" v="crossing"/>
  </node>
  <node id="9891543457" lat="37.5244963" lon="127.0244828">
    <tag k="highway" v="crossing"/>
  </node>
  <node id="9891543459" lat="37.5244120" lon="127.0243105">
    <tag k="highway" v="crossing"/>
  </node>
  <node id="9891543474" lat="37.5214397" lon="127.0283326"/>
  <node id="9891543475" lat="37.5220867" lon="127.0283884"/>
  <node id="9891543476" lat="37.5221727" lon="127.0283943"/>
  <node id="9891543477" lat="37.5229099" lon="127.0284491"/>
  <node id="9891543478" lat="37.5229886" lon="127.0284533"/>
  <node id="9891543479" lat="37.5216466" lon="127.0283556"/>
  <node id="9891543480" lat="37.5221319" lon="127.0283933">
    <tag k="highway" v="crossing"/>
  </node>
  <node id="9891543481" lat="37.5229606" lon="127.0284518">
    <tag k="highway" v="crossing"/>
  </node>
  <node id="9891543486" lat="37.5237829" lon="127.0276707">
    <tag k="highway" v="crossing"/>
  </node>
  <node id="9891543487" lat="37.5246006" lon="127.0275698">
    <tag k="highway" v="crossing"/>
  </node>
  <node id="9891543489" lat="37.5255993" lon="127.0276598">
    <tag k="highway" v="crossing"/>
  </node>
  <node id="9891543490" lat="37.5256861" lon="127.0269294">
    <tag k="highway" v="crossing"/>
  </node>
  <node id="9891543493" lat="37.5261181" lon="127.0276725">
    <tag k="highway" v="crossing"/>
  </node>
  <node id="9891543498" lat="37.5255176" lon="127.0282797"/>
  <node id="9891543499" lat="37.5256028" lon="127.0282864"/>
  <node id="9891543500" lat="37.5246499" lon="127.0281986">
    <tag k="barrier" v="kerb"/>
    <tag k="kerb" v="lowered"/>
    <tag k="tactile_paving" v="yes"/>
  </node>
  <node id="9891543501" lat="37.5249887" lon="127.0290502"/>
  <node id="9891543502" lat="37.5258459" lon="127.0290868"/>
  <node id="9891543503" lat="37.5258602" lon="127.0289725"/>
  <node id="9891543504" lat="37.5257112" lon="127.0291882">
    <tag k="highway" v="crossing"/>
  </node>
  <node id="9891543505" lat="37.5257146" lon="127.0291199"/>
  <node id="9891543506" lat="37.5258390" lon="127.0291279"/>
  <node id="9891543507" lat="37.5258579" lon="127.0290139">
    <tag k="highway" v="crossing"/>
  </node>
  <node id="9891543508" lat="37.5258720" lon="127.0287511"/>
  <node id="9891543509" lat="37.5258348" lon="127.0286607"/>
  <node id="9891543510" lat="37.5259763" lon="127.0286681"/>
  <node id="9891543511" lat="37.5245341" lon="127.0285422"/>
  <node id="9891543512" lat="37.5244320" lon="127.0285324"/>
  <node id="9891543513" lat="37.5237943" lon="127.0284924"/>
  <node id="9891543514" lat="37.5237284" lon="127.0284870"/>
  <node id="9891543515" lat="37.5236235" lon="127.0284780"/>
  <node id="9891543516" lat="37.5237693" lon="127.0284904">
    <tag k="highway" v="crossing"/>
  </node>
  <node id="9891581217" lat="37.5244727" lon="127.0285363">
    <tag k="highway" v="crossing"/>
  </node>
  <node id="9891581218" lat="37.5250149" lon="127.0285991"/>
  <node id="9891581219" lat="37.5259394" lon="127.0286663">
    <tag k="highway" v="crossing"/>
  </node>
  <node id="9891581220" lat="37.5265942" lon="127.0287036"/>
  <node id="9891581221" lat="37.5267048" lon="127.0287059"/>
  <node id="9891581222" lat="37.5275177" lon="127.0293511"/>
  <node id="9891581223" lat="37.5274607" lon="127.0292336"/>
  <node id="9891581224" lat="37.5272100" lon="127.0287283">
    <tag k="barrier" v="kerb"/>
    <tag k="kerb" v="lowered"/>
    <tag k="tactile_paving" v="yes"/>
    <tag k="wheelchair" v="yes"/>
  </node>
  <node id="9891581225" lat="37.5271462" lon="127.0286746"/>
  <node id="9891581226" lat="37.5269632" lon="127.0286961"/>
  <node id="9891581227" lat="37.5264006" lon="127.0283143"/>
  <node id="9891581228" lat="37.5262442" lon="127.0286813"/>
  <node id="9891581229" lat="37.5262442" lon="127.0286151">
    <tag k="highway" v="crossing"/>
  </node>
  <node id="9891581230" lat="37.5262463" lon="127.0283451">
    <tag k="highway" v="crossing"/>
  </node>
  <node id="9891581231" lat="37.5262485" lon="127.0283246"/>
  <node id="9891581232" lat="37.5265006" lon="127.0283130"/>
  <node id="9891581233" lat="37.5266963" lon="127.0283206"/>
  <node id="9891581234" lat="37.5268505" lon="127.0282830"/>
  <node id="9891581235" lat="37.5269239" lon="127.0282441"/>
  <node id="9891581236" lat="37.5282011" lon="127.0281193">
    <tag k="crossing:markings" v="yes"/>
    <tag k="crossing:signals" v="no"/>
    <tag k="highway" v="crossing"/>
    <tag k="tactile_paving" v="no"/>
  </node>
  <node id="9891581237" lat="37.5281772" lon="127.0284094"/>
  <node id="9891581238" lat="37.5281397" lon="127.0281363">
    <tag k="barrier" v="kerb"/>
    <tag k="kerb" v="lowered"/>
    <tag k="tactile_paving" v="yes"/>
  </node>
  <node id="9891903387" lat="37.5290783" lon="127.0281313"/>
  <node id="9891903390" lat="37.5238562" lon="127.0232098">
    <tag k="highway" v="crossing"/>
  </node>
  <node id="9891903392" lat="37.5234604" lon="127.0224285">
    <tag k="highway" v="crossing"/>
  </node>
  <node id="9891903395" lat="37.5235276" lon="127.0225615">
    <tag k="highway" v="crossing"/>
  </node>
  <node id="9922938501" lat="37.5130893" lon="127.0353491">
    <tag k="crossing:signals" v="yes"/>
    <tag k="highway" v="crossing"/>
    <tag k="kerb" v="lowered"/>
    <tag k="tactile_paving" v="yes"/>
  </node>
  <node id="10921395706" lat="37.5234401" lon="127.0304787"/>
  <node id="10921395707" lat="37.5236976" lon="127.0305052"/>
  <node id="10921395708" lat="37.5235705" lon="127.0304914"/>
  <node id="10921395709" lat="37.5220842" lon="127.0313424"/>
  <node id="10968031010" lat="37.5214665" lon="127.0338742">
    <tag k="junction" v="yes"/>
    <tag k="name" v="도산공원사거리"/>
    <tag k="name:en" v="Dosangongwon Four Way Intersection"/>
    <tag k="name:ko" v="도산공원사거리"/>
  </node>
  <node id="10968031011" lat="37.5215051" lon="127.0337528">
    <tag k="highway" v="traffic_signals"/>
    <tag k="traffic_signals" v="signal"/>
  </node>
  <node id="11027615842" lat="37.5285774" lon="127.0408364">
    <tag k="crossing:markings" v="no"/>
    <tag k="highway" v="crossing"/>
    <tag k="tactile_paving" v="no"/>
  </node>
  <node id="11027615843" lat="37.5291655" lon="127.0357758">
    <tag k="highway" v="crossing"/>
  </node>
  <node id="11027615844" lat="37.5290658" lon="127.0410171">
    <tag k="highway" v="crossing"/>
  </node>
  <node id="11027615845" lat="37.5302837" lon="127.0414282">
    <tag k="highway" v="crossing"/>
  </node>
  <node id="11027615846" lat="37.5306441" lon="127.0415500">
    <tag k="highway" v="crossing"/>
  </node>
  <node id="11027615854" lat="37.5273599" lon="127.0301395"/>
  <node id="11027615859" lat="37.5298150" lon="127.0279051">
    <tag k="highway" v="crossing"/>
  </node>
  <node id="11027615860" lat="37.5292761" lon="127.0280706">
    <tag k="highway" v="crossing"/>
  </node>
  <node id="11027615861" lat="37.5287694" lon="127.0282263">
    <tag k="highway" v="crossing"/>
  </node>
  <node id="11027615862" lat="37.5282483" lon="127.0283874">
    <tag k="crossing:markings" v="yes"/>
    <tag k="highway" v="crossing"/>
    <tag k="tactile_paving" v="yes"/>
  </node>
  <node id="11101015268" lat="37.5246176" lon="127.0357815"/>
  <node id="11101015270" lat="37.5246668" lon="127.0361122"/>
  <node id="11110267607" lat="37.5274396" lon="127.0285948"/>
  <node id="11110267608" lat="37.5274539" lon="127.0284786"/>
  <node id="11110267609" lat="37.5274428" lon="127.0285665">
    <tag k="barrier" v="kerb"/>
    <tag k="kerb" v="lowered"/>
    <tag k="tactile_paving" v="yes"/>
    <tag k="wheelchair" v="yes"/>
  </node>
  <node id="11110267610" lat="37.5275291" lon="127.0286321">
    <tag k="barrier" v="kerb"/>
    <tag k="kerb" v="lowered"/>
    <tag k="tactile_paving" v="yes"/>
    <tag k="wheelchair" v="yes"/>
  </node>
  <node id="11110267611" lat="37.5274600" lon="127.0285796"/>
  <node id="11110268152" lat="37.5273334" lon="127.0284584">
    <tag k="highway" v="traffic_signals"/>
    <tag k="traffic_signals" v="signal"/>
    <tag k="traffic_signals:direction" v="forward"/>
  </node>
  <node id="11110268153" lat="37.5272480" lon="127.0286479">
    <tag k="highway" v="traffic_signals"/>
    <tag k="traffic_signals" v="signal"/>
    <tag k="traffic_signals:direction" v="forward"/>
  </node>
  <node id="11110268154" lat="37.5273346" lon="127.0285848">
    <tag k="highway" v="traffic_signals"/>
    <tag k="traffic_signals" v="signal"/>
    <tag k="traffic_signals:direction" v="forward"/>
  </node>
  <node id="11110268155" lat="37.5272995" lon="127.0281601">
    <tag k="highway" v="traffic_signals"/>
    <tag k="traffic_signals" v="signal"/>
    <tag k="traffic_signals:direction" v="forward"/>
  </node>
  <node id="11110268156" lat="37.5270749" lon="127.0280744">
    <tag k="highway" v="traffic_signals"/>
    <tag k="traffic_signals" v="signal"/>
    <tag k="traffic_signals:direction" v="forward"/>
  </node>
  <node id="11110268157" lat="37.5269570" lon="127.0280669">
    <tag k="highway" v="traffic_signals"/>
    <tag k="traffic_signals" v="signal"/>
    <tag k="traffic_signals:direction" v="forward"/>
  </node>
  <node id="11110268158" lat="37.5271182" lon="127.0286779">
    <tag k="barrier" v="kerb"/>
    <tag k="kerb" v="lowered"/>
    <tag k="tactile_paving" v="yes"/>
    <tag k="wheelchair" v="yes"/>
  </node>
  <node id="11110268159" lat="37.5269103" lon="127.0282513">
    <tag k="barrier" v="kerb"/>
    <tag k="kerb" v="lowered"/>
    <tag k="tactile_paving" v="yes"/>
    <tag k="wheelchair" v="yes"/>
  </node>
  <node id="11110268160" lat="37.5269384" lon="127.0283089">
    <tag k="crossing" v="traffic_signals"/>
    <tag k="crossing:markings" v="yes"/>
    <tag k="highway" v="crossing"/>
  </node>
  <node id="11110268161" lat="37.5270663" lon="127.0285715">
    <tag k="crossing" v="traffic_signals"/>
    <tag k="crossing:markings" v="yes"/>
    <tag k="highway" v="crossing"/>
  </node>
  <node id="11110268162" lat="37.5271077" lon="127.0285590">
    <tag k="highway" v="traffic_signals"/>
    <tag k="traffic_signals" v="signal"/>
    <tag k="traffic_signals:direction" v="forward"/>
  </node>
  <node id="11110268163" lat="37.5269847" lon="127.0282982">
    <tag k="highway" v="traffic_signals"/>
    <tag k="traffic_signals" v="signal"/>
    <tag k="traffic_signals:direction" v="forward"/>
  </node>
  <node id="11111175128" lat="37.5289910" lon="127.0338541">
    <tag k="highway" v="traffic_signals"/>
    <tag k="traffic_signals" v="signal"/>
  </node>
  <node id="11111175129" lat="37.5287866" lon="127.0336301">
    <tag k="highway" v="traffic_signals"/>
    <tag k="traffic_signals" v="signal"/>
  </node>
  <node id="11111175130" lat="37.5292464" lon="127.0341820">
    <tag k="highway" v="traffic_signals"/>
    <tag k="traffic_signals" v="signal"/>
  </node>
  <node id="11111175134" lat="37.5291922" lon="127.0333709">
    <tag k="highway" v="traffic_signals"/>
    <tag k="traffic_signals" v="signal"/>
  </node>
  <node id="11111175135" lat="37.5290716" lon="127.0333960">
    <tag k="highway" v="traffic_signals"/>
    <tag k="traffic_signals" v="signal"/>
  </node>
  <node id="11139107057" lat="37.5280802" lon="127.0300898">
    <tag k="highway" v="traffic_signals"/>
    <tag k="traffic_signals" v="signal"/>
  </node>
  <node id="11139107058" lat="37.5280276" lon="127.0301910">
    <tag k="highway" v="traffic_signals"/>
    <tag k="traffic_signals" v="signal"/>
  </node>
  <node id="11139143046" lat="37.5282594" lon="127.0302208">
    <tag k="crossing" v="traffic_signals"/>
    <tag k="highway" v="crossing"/>
  </node>
  <node id="11139143047" lat="37.5280185" lon="127.0303926">
    <tag k="crossing" v="traffic_signals"/>
    <tag k="highway" v="crossing"/>
  </node>
  <node id="11139143048" lat="37.5281020" lon="127.0303331">
    <tag k="crossing" v="uncontrolled"/>
    <tag k="crossing:markings" v="yes"/>
    <tag k="highway" v="crossing"/>
  </node>
  <node id="11139143049" lat="37.5281755" lon="127.0302806">
    <tag k="crossing" v="uncontrolled"/>
    <tag k="crossing:markings" v="yes"/>
    <tag k="highway" v="crossing"/>
  </node>
  <node id="11139239314" lat="37.5304781" lon="127.0276474">
    <tag k="highway" v="traffic_signals"/>
    <tag k="traffic_signals" v="signal"/>
  </node>
  <node id="11139239315" lat="37.5301066" lon="127.0277490">
    <tag k="highway" v="traffic_signals"/>
    <tag k="traffic_signals" v="signal"/>
  </node>
  <node id="11225242210" lat="37.5249956" lon="127.0239915">
    <tag k="highway" v="traffic_signals"/>
    <tag k="traffic_signals" v="signal"/>
  </node>
  <node id="11225242211" lat="37.5250501" lon="127.0243465">
    <tag k="highway" v="traffic_signals"/>
    <tag k="traffic_signals" v="signal"/>
  </node>
  <node id="11356020878" lat="37.5234102" lon="127.0390858">
    <tag k="crossing" v="traffic_signals"/>
    <tag k="highway" v="crossing"/>
  </node>
  <node id="11356020879" lat="37.5234398" lon="127.0392553">
    <tag k="crossing" v="traffic_signals"/>
    <tag k="highway" v="crossing"/>
  </node>
  <node id="11356020880" lat="37.5230585" lon="127.0394698">
    <tag k="crossing" v="traffic_signals"/>
    <tag k="highway" v="crossing"/>
  </node>
  <node id="11356020881" lat="37.5233878" lon="127.0394159">
    <tag k="crossing" v="traffic_signals"/>
    <tag k="highway" v="crossing"/>
  </node>
  <node id="11356020882" lat="37.5232825" lon="127.0394345">
    <tag k="crossing" v="uncontrolled"/>
    <tag k="crossing:markings" v="yes"/>
    <tag k="highway" v="crossing"/>
  </node>
  <node id="11356020883" lat="37.5231620" lon="127.0394536">
    <tag k="crossing" v="uncontrolled"/>
    <tag k="crossing:markings" v="yes"/>
    <tag k="highway" v="crossing"/>
  </node>
  <node id="11356020884" lat="37.5229358" lon="127.0389347">
    <tag k="crossing" v="traffic_signals"/>
    <tag k="highway" v="crossing"/>
  </node>
  <node id="11356020885" lat="37.5232576" lon="127.0387892">
    <tag k="crossing" v="traffic_signals"/>
    <tag k="highway" v="crossing"/>
  </node>
  <node id="11356020886" lat="37.5230393" lon="127.0388898">
    <tag k="crossing" v="uncontrolled"/>
    <tag k="crossing:markings" v="yes"/>
    <tag k="highway" v="crossing"/>
  </node>
  <node id="11356020887" lat="37.5231432" lon="127.0388418">
    <tag k="crossing" v="uncontrolled"/>
    <tag k="crossing:markings" v="yes"/>
    <tag k="highway" v="crossing"/>
  </node>
  <node id="11356020888" lat="37.5229209" lon="127.0392333">
    <tag k="crossing" v="traffic_signals"/>
    <tag k="highway" v="crossing"/>
  </node>
  <node id="11356020889" lat="37.5228996" lon="127.0391436">
    <tag k="crossing" v="traffic_signals"/>
    <tag k="highway" v="crossing"/>
  </node>
  <node id="11356020890" lat="37.5229105" lon="127.0391897">
    <tag k="crossing" v="uncontrolled"/>
    <tag k="crossing:markings" v="yes"/>
    <tag k="highway" v="crossing"/>
  </node>
  <node id="11356020891" lat="37.5231544" lon="127.0393922">
    <tag k="highway" v="traffic_signals"/>
    <tag k="traffic_signals" v="signal"/>
  </node>
  <node id="11356020892" lat="37.5232891" lon="127.0394876">
    <tag k="highway" v="traffic_signals"/>
    <tag k="traffic_signals" v="signal"/>
  </node>
  <node id="11356020893" lat="37.5233731" lon="127.0391712">
    <tag k="highway" v="traffic_signals"/>
    <tag k="traffic_signals" v="signal"/>
  </node>
  <node id="11356020894" lat="37.5231687" lon="127.0389197">
    <tag k="highway" v="traffic_signals"/>
    <tag k="traffic_signals" v="signal"/>
  </node>
  <node id="11356020895" lat="37.5230285" lon="127.0388548">
    <tag k="highway" v="traffic_signals"/>
    <tag k="traffic_signals" v="signal"/>
  </node>
  <node id="11356020896" lat="37.5228707" lon="127.0392008">
    <tag k="highway" v="traffic_signals"/>
    <tag k="traffic_signals" v="signal"/>
  </node>
  <node id="12089096715" lat="37.5229672" lon="127.0281282">
    <tag k="crossing:markings" v="yes"/>
    <tag k="crossing:signals" v="no"/>
    <tag k="highway" v="crossing"/>
    <tag k="tactile_paving" v="yes"/>
  </node>
  <node id="12706696664" lat="37.5273646" lon="127.0391314"/>
  <node id="13245951698" lat="37.5229598" lon="127.0437525"/>
  <node id="13247785525" lat="37.5230985" lon="127.0414376"/>
  <node id="13247785526" lat="37.5228325" lon="127.0414857"/>
  <node id="13247785527" lat="37.5226173" lon="127.0415124"/>
  <node id="13247785528" lat="37.5230155" lon="127.0414709"/>
  <node id="13247785529" lat="37.5229141" lon="127.0414929"/>
  <node id="13247785535" lat="37.5227665" lon="127.0412173">
    <tag k="amenity" v="parking"/>
    <tag k="layer" v="-1"/>
    <tag k="parking" v="underground"/>
  </node>
  <node id="13247785536" lat="37.5227294" lon="127.0411939"/>
  <node id="13247785537" lat="37.5227012" lon="127.0411502"/>
  <node id="13247785538" lat="37.5226972" lon="127.0410983"/>
  <node id="13247785539" lat="37.5227012" lon="127.0410628"/>
  <node id="13247785540" lat="37.5227092" lon="127.0410313"/>
  <node id="13247785541" lat="37.5226996" lon="127.0409347"/>
  <node id="13247785542" lat="37.5226078" lon="127.0409545"/>
  <node id="13656001216" lat="37.5220051" lon="127.0381269"/>
  <way id="38233676">
    <nd ref="732032917"/>
    <nd ref="6245318166"/>
    <nd ref="732031293"/>
    <nd ref="9891543493"/>
    <nd ref="2861603665"/>
    <nd ref="732031352"/>
    <nd ref="732031325"/>
    <nd ref="9891543456"/>
    <nd ref="732031431"/>
    <nd ref="9891543455"/>
    <nd ref="9891543457"/>
    <nd ref="1853555171"/>
    <nd ref="9891543459"/>
    <nd ref="7510250551"/>
    <nd ref="9891903390"/>
    <nd ref="1853555167"/>
    <nd ref="9891903395"/>
    <nd ref="1853555166"/>
    <nd ref="9891903392"/>
    <nd ref="1853555162"/>
    <nd ref="3242819196"/>
    <nd ref="596131777"/>
    <nd ref="596131798"/>
    <nd ref="595780395"/>
    <tag k="highway" v="residential"/>
    <tag k="lanes" v="1"/>
    <tag k="name" v="논현로175길"/>
    <tag k="name:en" v="Nonhyeon-ro 175-gil"/>
    <tag k="name:ko" v="논현로175길"/>
    <tag k="oneway" v="yes"/>
    <tag k="oneway:bicycle" v="no"/>
    <tag k="surface" v="asphalt"/>
  </way>
  <way id="46653296">
    <nd ref="2279499507"/>
    <nd ref="9890373455"/>
    <nd ref="596149180"/>
    <tag k="highway" v="service"/>
    <tag k="name" v="도산대로"/>
    <tag k="name:en" v="Dosan-daero"/>
    <tag k="name:ko" v="도산대로"/>
  </way>
  <way id="46653304">
    <nd ref="596149219"/>
    <nd ref="7514035480"/>
    <nd ref="13247785527"/>
    <nd ref="596149220"/>
    <nd ref="13247785526"/>
    <nd ref="13247785529"/>
    <nd ref="13247785528"/>
    <nd ref="13247785525"/>
    <nd ref="9890373457"/>
    <nd ref="2279499509"/>
    <tag k="highway" v="residential"/>
    <tag k="name" v="도산대로58길"/>
    <tag k="name:en" v="Dosan-daero 58-gil"/>
    <tag k="name:ko" v="도산대로58길"/>
  </way>
  <way id="46653305">
    <nd ref="596149226"/>
    <nd ref="596149228"/>
    <nd ref="9890373456"/>
    <nd ref="2279499505"/>
    <tag k="highway" v="residential"/>
    <tag k="name" v="도산대로56길"/>
    <tag k="name:en" v="Dosan-daero 56-gil"/>
    <tag k="name:ko" v="도산대로56길"/>
  </way>
  <way id="46677731">
    <nd ref="595750380"/>
    <nd ref="6225367258"/>
    <nd ref="596509863"/>
    <nd ref="597148003"/>
    <nd ref="596509865"/>
    <nd ref="596509867"/>
    <nd ref="596509869"/>
    <nd ref="596509870"/>
    <nd ref="596509874"/>
    <nd ref="9890373471"/>
    <nd ref="4179707473"/>
    <nd ref="9890373475"/>
    <nd ref="1905044366"/>
    <nd ref="6225367253"/>
    <nd ref="596509879"/>
    <tag k="highway" v="secondary"/>
    <tag k="lane_markings" v="yes"/>
    <tag k="name" v="압구정로"/>
    <tag k="name:en" v="Apgujeong-ro"/>
    <tag k="name:ja" v="狎鴎亭路"/>
    <tag k="name:ko" v="압구정로"/>
    <tag k="name:ko-Latn" v="Apgujeongno"/>
    <tag k="oneway" v="yes"/>
    <tag k="surface" v="asphalt"/>
  </way>
  <way id="46677733">
    <nd ref="595780386"/>
    <nd ref="4973012292"/>
    <nd ref="11225242211"/>
    <nd ref="732031335"/>
    <nd ref="5996195668"/>
    <nd ref="2032775557"/>
    <nd ref="2861603664"/>
    <nd ref="6224082183"/>
    <nd ref="732031291"/>
    <nd ref="11110268157"/>
    <nd ref="5996195665"/>
    <nd ref="732032930"/>
    <nd ref="732032844"/>
    <nd ref="11110268153"/>
    <nd ref="6222192836"/>
    <nd ref="1780475796"/>
    <nd ref="11139107058"/>
    <nd ref="11139143048"/>
    <nd ref="5438812402"/>
    <nd ref="596509907"/>
    <nd ref="596509909"/>
    <nd ref="596509911"/>
    <nd ref="596509913"/>
    <nd ref="4968626392"/>
    <nd ref="596509915"/>
    <nd ref="596509917"/>
    <nd ref="11111175135"/>
    <nd ref="6222192830"/>
    <nd ref="6225367242"/>
    <nd ref="6225367243"/>
    <tag k="highway" v="secondary"/>
    <tag k="maxheight" v="4.1"/>
    <tag k="name" v="압구정로"/>
    <tag k="name:en" v="Apgujeong-ro"/>
    <tag k="name:ja" v="狎鴎亭路"/>
    <tag k="name:ko" v="압구정로"/>
    <tag k="name:ko-Latn" v="Apgujeongno"/>
    <tag k="oneway" v="yes"/>
    <tag k="surface" v="asphalt"/>
  </way>
  <way id="46707743">
    <nd ref="597136144"/>
    <nd ref="597136146"/>
    <tag k="highway" v="service"/>
    <tag k="name" v="선릉로158길"/>
    <tag k="name:en" v="Seolleung-ro 158-gil"/>
    <tag k="name:ko" v="선릉로158길"/>
  </way>
  <way id="46707744">
    <nd ref="1905044370"/>
    <nd ref="597136162"/>
    <tag k="highway" v="service"/>
    <tag k="name" v="선릉로160길"/>
    <tag k="name:en" v="Seolleung-ro 160-gil"/>
    <tag k="name:ko" v="선릉로160길"/>
  </way>
  <way id="46707748">
    <nd ref="597136227"/>
    <nd ref="597136144"/>
    <nd ref="597136228"/>
    <nd ref="1326472597"/>
    <tag k="highway" v="residential"/>
    <tag k="name" v="선릉로158길"/>
    <tag k="name:en" v="Seolleung-ro 158-gil"/>
    <tag k="name:ko" v="선릉로158길"/>
    <tag k="surface" v="asphalt"/>
  </way>
  <way id="46707749">
    <nd ref="597136227"/>
    <nd ref="597136187"/>
    <nd ref="597136243"/>
    <nd ref="9890373477"/>
    <nd ref="597136245"/>
    <tag k="highway" v="residential"/>
    <tag k="lit" v="yes"/>
    <tag k="name" v="압구정로60길"/>
    <tag k="name:en" v="Apgujeong-ro 60-gil"/>
    <tag k="name:ko" v="압구정로60길"/>
    <tag k="surface" v="asphalt"/>
  </way>
  <way id="46707751">
    <nd ref="597136271"/>
    <nd ref="597136162"/>
    <nd ref="597136228"/>
    <nd ref="7514048885"/>
    <nd ref="7514048890"/>
    <nd ref="597136254"/>
    <nd ref="9890373454"/>
    <nd ref="2279499508"/>
    <tag k="highway" v="residential"/>
    <tag k="name" v="도산대로55길"/>
    <tag k="name:en" v="Dosan-daero 55-gil"/>
    <tag k="name:ko" v="도산대로55길"/>
  </way>
  <way id="59054224">
    <nd ref="732032820"/>
    <nd ref="732032825"/>
    <nd ref="1780475826"/>
    <nd ref="4946644039"/>
    <nd ref="9891581229"/>
    <nd ref="6224082493"/>
    <nd ref="8557584681"/>
    <nd ref="8557584670"/>
    <nd ref="1780475838"/>
    <nd ref="4946644060"/>
    <nd ref="11110268161"/>
    <nd ref="11110268162"/>
    <nd ref="732032844"/>
    <nd ref="732032849"/>
    <nd ref="11110268152"/>
    <nd ref="6222192839"/>
    <nd ref="732032854"/>
    <nd ref="732032858"/>
    <nd ref="1853555175"/>
    <nd ref="732032861"/>
    <tag k="highway" v="primary"/>
    <tag k="lanes" v="2"/>
    <tag k="name" v="논현로"/>
    <tag k="name:en" v="Nonhyeon-ro"/>
    <tag k="name:ko" v="논현로"/>
    <tag k="oneway" v="yes"/>
    <tag k="surface" v="asphalt"/>
  </way>
  <way id="59054231">
    <nd ref="732033214"/>
    <nd ref="4946644038"/>
    <nd ref="732033075"/>
    <nd ref="732033079"/>
    <nd ref="732033082"/>
    <nd ref="732033085"/>
    <nd ref="732033090"/>
    <nd ref="732033093"/>
    <nd ref="732033097"/>
    <nd ref="732033099"/>
    <nd ref="732033102"/>
    <nd ref="732033104"/>
    <nd ref="732032870"/>
    <tag k="bridge" v="yes"/>
    <tag k="highway" v="primary"/>
    <tag k="lane_markings" v="yes"/>
    <tag k="lanes" v="2"/>
    <tag k="layer" v="1"/>
    <tag k="name" v="논현로"/>
    <tag k="name:en" v="Nonhyeon-ro"/>
    <tag k="name:ja" v="論峴路"/>
    <tag k="name:ko" v="논현로"/>
    <tag k="name:ko-Latn" v="Nonhyeonno"/>
    <tag k="oneway" v="yes"/>
    <tag k="surface" v="asphalt"/>
  </way>
  <way id="97537668">
    <nd ref="732033045"/>
    <nd ref="732032902"/>
    <nd ref="2861603663"/>
    <nd ref="6224082494"/>
    <nd ref="1853555158"/>
    <nd ref="2861603661"/>
    <nd ref="6224082496"/>
    <nd ref="2032775485"/>
    <nd ref="1780453726"/>
    <tag k="cycleway:right" v="separate"/>
    <tag k="highway" v="primary"/>
    <tag k="lanes" v="4"/>
    <tag k="name" v="논현로"/>
    <tag k="name:en" v="Nonhyeon-ro"/>
    <tag k="name:ja" v="論峴路"/>
    <tag k="name:ko" v="논현로"/>
    <tag k="name:ko-Latn" v="Nonhyeonno"/>
    <tag k="oneway" v="yes"/>
    <tag k="surface" v="asphalt"/>
  </way>
  <way id="117785738">
    <nd ref="2279499501"/>
    <nd ref="9890373446"/>
    <nd ref="3785294676"/>
    <nd ref="3785294673"/>
    <nd ref="7514048896"/>
    <nd ref="3785294669"/>
    <nd ref="3785294662"/>
    <nd ref="3785294659"/>
    <nd ref="4181410610"/>
    <tag k="highway" v="residential"/>
    <tag k="name" v="도산대로50길"/>
    <tag k="name:en" v="Dosan-daero 50-gil"/>
    <tag k="name:ko" v="도산대로50길"/>
  </way>
  <way id="117796520">
    <nd ref="4158771895"/>
    <nd ref="13656001216"/>
    <nd ref="3785294676"/>
    <nd ref="3785294674"/>
    <nd ref="4181410663"/>
    <nd ref="5034061155"/>
    <tag k="highway" v="residential"/>
    <tag k="name" v="언주로150길"/>
    <tag k="name:en" v="Eonju-ro 150-gil"/>
    <tag k="name:ko" v="언주로150길"/>
    <tag k="oneway" v="no"/>
    <tag k="surface" v="asphalt"/>
  </way>
  <way id="117824437">
    <nd ref="1326472559"/>
    <nd ref="4179788993"/>
    <nd ref="7514048899"/>
    <nd ref="4179788992"/>
    <tag k="highway" v="residential"/>
    <tag k="name" v="도산대로49길"/>
    <tag k="name:en" v="Dosan-daero 49-gil"/>
    <tag k="name:ko" v="도산대로49길"/>
  </way>
  <way id="117824439">
    <nd ref="3624476175"/>
    <nd ref="5994874851"/>
    <nd ref="4179789000"/>
    <nd ref="4179788997"/>
    <nd ref="4179789008"/>
    <nd ref="1326472569"/>
    <tag k="highway" v="residential"/>
    <tag k="name" v="압구정로54길"/>
    <tag k="name:en" v="Apgujeong-ro 54-gil"/>
    <tag k="name:ko" v="압구정로54길"/>
  </way>
  <way id="117824441">
    <nd ref="1326472540"/>
    <nd ref="1326472643"/>
    <tag k="highway" v="service"/>
    <tag k="name" v="도산대로49길"/>
    <tag k="name:en" v="Dosan-daero 49-gil"/>
    <tag k="name:ko" v="도산대로49길"/>
  </way>
  <way id="117824442">
    <nd ref="4179789009"/>
    <nd ref="4179789008"/>
    <nd ref="4179789010"/>
    <nd ref="5994874850"/>
    <nd ref="4179789006"/>
    <nd ref="7521872994"/>
    <nd ref="1326472529"/>
    <nd ref="1326472618"/>
    <nd ref="1326472537"/>
    <nd ref="1326472647"/>
    <nd ref="7521833572"/>
    <nd ref="7510250580"/>
    <nd ref="5034061143"/>
    <tag k="highway" v="residential"/>
    <tag k="name" v="언주로172길"/>
    <tag k="name:en" v="Eonju-ro 172-gil"/>
    <tag k="name:ko" v="언주로172길"/>
  </way>
  <way id="117824443">
    <nd ref="1326472521"/>
    <nd ref="7521872995"/>
    <nd ref="4179789011"/>
    <nd ref="2032775560"/>
    <nd ref="1326472535"/>
    <nd ref="1326472569"/>
    <nd ref="4179788995"/>
    <nd ref="1326472597"/>
    <tag k="highway" v="residential"/>
    <tag k="name" v="선릉로157길"/>
    <tag k="name:en" v="Seolleung-ro 157-gil"/>
    <tag k="name:ko" v="선릉로157길"/>
    <tag k="oneway" v="yes"/>
  </way>
  <way id="117824444">
    <nd ref="1326472615"/>
    <nd ref="6225367246"/>
    <nd ref="3624476176"/>
    <nd ref="1326472647"/>
    <nd ref="7510250577"/>
    <nd ref="1326472579"/>
    <nd ref="1326472566"/>
    <nd ref="4179789013"/>
    <nd ref="1326472598"/>
    <tag k="highway" v="residential"/>
    <tag k="name" v="팔당별미울"/>
    <tag k="name:en" v="Apgujeong-ro 170-gil 9"/>
    <tag k="name:ko" v="압구정로42길"/>
    <tag k="oneway" v="yes"/>
  </way>
  <way id="117824445">
    <nd ref="5034061145"/>
    <nd ref="7510293089"/>
    <nd ref="7528331052"/>
    <nd ref="1326472566"/>
    <nd ref="1326472648"/>
    <nd ref="7528331068"/>
    <nd ref="7528331048"/>
    <nd ref="2032775554"/>
    <nd ref="7528331064"/>
    <nd ref="7528331066"/>
    <nd ref="4179789004"/>
    <tag k="highway" v="residential"/>
    <tag k="name" v="언주로168길"/>
    <tag k="name:en" v="Eonju-ro 168-gil"/>
    <tag k="name:ko" v="언주로168길"/>
  </way>
  <way id="117824446">
    <nd ref="1326472543"/>
    <nd ref="7514048903"/>
    <nd ref="2032775499"/>
    <nd ref="7514048908"/>
    <nd ref="9890373444"/>
    <nd ref="2279499500"/>
    <tag k="highway" v="residential"/>
    <tag k="name" v="도산대로45길"/>
    <tag k="name:en" v="Dosan-daero 45-gil"/>
    <tag k="name:ko" v="도산대로45길"/>
  </way>
  <way id="117824447">
    <nd ref="1326472625"/>
    <nd ref="7514048891"/>
    <nd ref="1326472607"/>
    <nd ref="2032775525"/>
    <nd ref="1326472606"/>
    <tag k="highway" v="residential"/>
    <tag k="name" v="선릉로153길"/>
    <tag k="name:en" v="Seolleung-ro 153-gil"/>
    <tag k="name:ko" v="선릉로153길"/>
  </way>
  <way id="117824448">
    <nd ref="1326472604"/>
    <nd ref="1326472645"/>
    <nd ref="4179789001"/>
    <nd ref="1326472639"/>
    <nd ref="1326472529"/>
    <nd ref="1326472521"/>
    <tag k="highway" v="residential"/>
    <tag k="name" v="압구정로50길"/>
    <tag k="name:en" v="Apgujeong-ro 50-gil"/>
    <tag k="name:ko" v="압구정로50길"/>
    <tag k="oneway" v="yes"/>
  </way>
  <way id="117824451">
    <nd ref="1326472581"/>
    <nd ref="5825516606"/>
    <nd ref="1326472648"/>
    <tag k="highway" v="service"/>
    <tag k="name" v="언주로164길"/>
    <tag k="name:en" v="Eonju-ro 164-gil"/>
    <tag k="name:ko" v="언주로164길"/>
  </way>
  <way id="117824452">
    <nd ref="2279499503"/>
    <nd ref="1326472596"/>
    <nd ref="1326472559"/>
    <nd ref="1326472525"/>
    <nd ref="7514048893"/>
    <nd ref="1326472607"/>
    <nd ref="1326472524"/>
    <nd ref="1326472569"/>
    <tag k="highway" v="residential"/>
    <tag k="name" v="도산대로53길"/>
    <tag k="name:en" v="Dosan-daero 53-gil"/>
    <tag k="name:ko" v="도산대로53길"/>
  </way>
  <way id="117824453">
    <nd ref="1326472562"/>
    <nd ref="4179788996"/>
    <tag k="highway" v="service"/>
    <tag k="noname" v="yes"/>
  </way>
  <way id="117824455">
    <nd ref="5034061147"/>
    <nd ref="5825516607"/>
    <nd ref="4179789013"/>
    <nd ref="1326472581"/>
    <nd ref="7528331069"/>
    <nd ref="1326472592"/>
    <nd ref="7528331065"/>
    <nd ref="7528331067"/>
    <nd ref="1326472522"/>
    <tag k="highway" v="residential"/>
    <tag k="name" v="언주로164길"/>
    <tag k="name:en" v="Eonju-ro 164-gil"/>
    <tag k="name:ko" v="언주로164길"/>
  </way>
  <way id="166611662">
    <nd ref="4179952617"/>
    <nd ref="2032775539"/>
    <nd ref="5438813750"/>
    <nd ref="4179952606"/>
    <nd ref="7510250546"/>
    <nd ref="7510250548"/>
    <nd ref="5438812401"/>
    <nd ref="6222192834"/>
    <nd ref="5438812402"/>
    <tag k="highway" v="residential"/>
    <tag k="name" v="압구정로34길"/>
    <tag k="name:en" v="Apgujeong-ro 34-gil"/>
    <tag k="name:ko" v="압구정로34길"/>
  </way>
  <way id="166611663">
    <nd ref="1780475810"/>
    <nd ref="4309918236"/>
    <nd ref="1853555161"/>
    <nd ref="10921395706"/>
    <nd ref="10921395708"/>
    <nd ref="1780475794"/>
    <nd ref="10921395707"/>
    <nd ref="4179952630"/>
    <nd ref="4179952617"/>
    <tag k="highway" v="residential"/>
    <tag k="name" v="도산대로35길"/>
    <tag k="name:en" v="Dosan-daero 35-gil"/>
    <tag k="name:ko" v="도산대로35길"/>
  </way>
  <way id="166611664">
    <nd ref="1780475838"/>
    <nd ref="4968626373"/>
    <nd ref="1853555173"/>
    <nd ref="4933675432"/>
    <nd ref="11027615854"/>
    <nd ref="5438812401"/>
    <tag k="highway" v="residential"/>
    <tag k="name" v="논현로176길"/>
    <tag k="name:en" v="Nonhyeon-ro 176-gil"/>
    <tag k="name:ko" v="논현로176길"/>
  </way>
  <way id="166611665">
    <nd ref="1780475824"/>
    <nd ref="7528331077"/>
    <nd ref="4179952621"/>
    <nd ref="1780475800"/>
    <tag k="highway" v="residential"/>
    <tag k="name" v="언주로153길"/>
    <tag k="name:en" v="Eonju-ro 153-gil"/>
    <tag k="name:ko" v="언주로153길"/>
  </way>
  <way id="166611666">
    <nd ref="1780475818"/>
    <nd ref="1780475810"/>
    <nd ref="1780475815"/>
    <nd ref="1780475812"/>
    <nd ref="9891543480"/>
    <nd ref="1780475822"/>
    <tag k="highway" v="residential"/>
    <tag k="name" v="논현로158길"/>
    <tag k="name:en" v="Nonhyeon-ro 158-gil"/>
    <tag k="name:ko" v="논현로158길"/>
    <tag k="oneway" v="yes"/>
  </way>
  <way id="166611667">
    <nd ref="1780475825"/>
    <nd ref="4179952629"/>
    <nd ref="1853555161"/>
    <nd ref="1780475833"/>
    <tag k="highway" v="residential"/>
    <tag k="name" v="논현로164길"/>
    <tag k="name:en" v="Nonhyeon-ro 164-gil"/>
    <tag k="name:ko" v="논현로164길"/>
  </way>
  <way id="166611668">
    <nd ref="1780475826"/>
    <nd ref="9891581217"/>
    <nd ref="1853555169"/>
    <nd ref="4933675435"/>
    <nd ref="1780475794"/>
    <nd ref="5438813901"/>
    <nd ref="4179952622"/>
    <tag k="highway" v="residential"/>
    <tag k="name" v="논현로168길"/>
    <tag k="name:en" v="Nonhyeon-ro 168-gil"/>
    <tag k="name:ko" v="논현로168길"/>
  </way>
  <way id="166611669">
    <nd ref="1780475815"/>
    <nd ref="7510293091"/>
    <nd ref="4179952625"/>
    <nd ref="1780475834"/>
    <nd ref="9890373428"/>
    <nd ref="7514048912"/>
    <tag k="highway" v="service"/>
    <tag k="name" v="도산대로33길"/>
    <tag k="name:en" v="Dosan-daero 33-gil"/>
    <tag k="name:ko" v="도산대로33길"/>
  </way>
  <way id="166611670">
    <nd ref="1780475796"/>
    <nd ref="6222192835"/>
    <nd ref="1853555173"/>
    <nd ref="4179952605"/>
    <nd ref="4946644075"/>
    <nd ref="9891543504"/>
    <nd ref="2032775548"/>
    <nd ref="4946593781"/>
    <nd ref="8954060645"/>
    <nd ref="4179952616"/>
    <nd ref="1853555169"/>
    <nd ref="1780475825"/>
    <nd ref="7510250560"/>
    <nd ref="4179952626"/>
    <nd ref="1780475812"/>
    <tag k="highway" v="residential"/>
    <tag k="name" v="압구정로30길"/>
    <tag k="name:en" v="Apgujeong-ro 30-gil"/>
    <tag k="name:ko" v="압구정로30길"/>
    <tag k="oneway" v="yes"/>
  </way>
  <way id="174699436">
    <nd ref="732031247"/>
    <nd ref="1853555160"/>
    <nd ref="1853555159"/>
    <nd ref="12089096715"/>
    <nd ref="1853555158"/>
    <tag k="highway" v="residential"/>
    <tag k="name" v="논현로159길"/>
    <tag k="name:en" v="Nonhyeon-ro 159-gil"/>
    <tag k="name:ko" v="논현로159길"/>
    <tag k="oneway" v="yes"/>
    <tag k="oneway:bicycle" v="no"/>
    <tag k="surface" v="asphalt"/>
  </way>
  <way id="174699438">
    <nd ref="732031324"/>
    <nd ref="9891543487"/>
    <nd ref="1853555172"/>
    <nd ref="6245318168"/>
    <nd ref="732031433"/>
    <tag k="highway" v="residential"/>
    <tag k="name" v="논현로167길"/>
    <tag k="name:en" v="Nonhyeon-ro 167-gil"/>
    <tag k="name:ko" v="논현로167길"/>
  </way>
  <way id="174699440">
    <nd ref="732032947"/>
    <nd ref="732032761"/>
    <nd ref="7509242946"/>
    <nd ref="4968535694"/>
    <nd ref="732032789"/>
    <nd ref="732032792"/>
    <nd ref="732032796"/>
    <nd ref="732032802"/>
    <nd ref="732032803"/>
    <nd ref="4946644037"/>
    <nd ref="732033045"/>
    <tag k="bridge" v="yes"/>
    <tag k="highway" v="primary"/>
    <tag k="lane_markings" v="yes"/>
    <tag k="lanes" v="2"/>
    <tag k="layer" v="1"/>
    <tag k="name" v="논현로"/>
    <tag k="name:en" v="Nonhyeon-ro"/>
    <tag k="name:ja" v="論峴路"/>
    <tag k="name:ko" v="논현로"/>
    <tag k="name:ko-Latn" v="Nonhyeonno"/>
    <tag k="oneway" v="yes"/>
    <tag k="surface" v="asphalt"/>
  </way>
  <way id="174699484">
    <nd ref="1853555176"/>
    <nd ref="1853555174"/>
    <nd ref="1853555175"/>
    <tag k="highway" v="tertiary_link"/>
    <tag k="oneway" v="yes"/>
    <tag k="surface" v="asphalt"/>
  </way>
  <way id="174699490">
    <nd ref="1853555181"/>
    <nd ref="1853555180"/>
    <nd ref="9891581236"/>
    <nd ref="1853555178"/>
    <nd ref="1853555179"/>
    <tag k="highway" v="tertiary_link"/>
    <tag k="oneway" v="yes"/>
    <tag k="surface" v="asphalt"/>
  </way>
  <way id="192743548">
    <nd ref="2032775560"/>
    <nd ref="2032775545"/>
    <nd ref="7521873185"/>
    <nd ref="2032775525"/>
    <tag k="highway" v="residential"/>
    <tag k="name" v="도산대로51길"/>
    <tag k="name:en" v="Dosan-daero 51-gil"/>
    <tag k="name:ko" v="도산대로51길"/>
  </way>
  <way id="192743549">
    <nd ref="2032775548"/>
    <nd ref="4933675433"/>
    <nd ref="2032775539"/>
    <nd ref="4179952642"/>
    <nd ref="4179952603"/>
    <tag k="highway" v="residential"/>
    <tag k="name" v="논현로172길"/>
    <tag k="name:en" v="Nonhyeon-ro 172-gil"/>
    <tag k="name:ko" v="논현로172길"/>
  </way>
  <way id="192743556">
    <nd ref="1326472543"/>
    <nd ref="8577408875"/>
    <nd ref="7528331083"/>
    <nd ref="7528331081"/>
    <nd ref="1326472583"/>
    <nd ref="7528331078"/>
    <nd ref="5034061150"/>
    <nd ref="1780475800"/>
    <tag k="highway" v="residential"/>
    <tag k="name" v="언주로154길"/>
    <tag k="name:en" v="Eonju-ro 154-gil"/>
    <tag k="name:ko" v="언주로154길"/>
  </way>
  <way id="192760536">
    <nd ref="2032924166"/>
    <nd ref="11027615862"/>
    <nd ref="2032924098"/>
    <tag k="highway" v="service"/>
  </way>
  <way id="192760549">
    <nd ref="2032924079"/>
    <nd ref="6309939744"/>
    <nd ref="2032924056"/>
    <tag k="highway" v="service"/>
  </way>
  <way id="192760553">
    <nd ref="2032924217"/>
    <nd ref="2032924154"/>
    <tag k="highway" v="service"/>
    <tag k="surface" v="asphalt"/>
  </way>
  <way id="192760568">
    <nd ref="2032924972"/>
    <nd ref="6309939737"/>
    <nd ref="2032924950"/>
    <nd ref="8283473599"/>
    <nd ref="2036964516"/>
    <nd ref="2032924486"/>
    <nd ref="2032924292"/>
    <nd ref="8283473600"/>
    <nd ref="2032924154"/>
    <nd ref="9890373490"/>
    <nd ref="4968534224"/>
    <nd ref="2032924071"/>
    <tag k="highway" v="residential"/>
    <tag k="name" v="압구정로33길"/>
    <tag k="name:en" v="Apgujeong-ro 33-gil"/>
    <tag k="name:ko" v="압구정로33길"/>
  </way>
  <way id="218448824">
    <nd ref="732248963"/>
    <nd ref="6225367242"/>
    <nd ref="6222192826"/>
    <nd ref="11111175129"/>
    <nd ref="1780475817"/>
    <nd ref="2032924051"/>
    <nd ref="4179952608"/>
    <nd ref="4179952612"/>
    <nd ref="4179952618"/>
    <nd ref="4179952632"/>
    <nd ref="4179952637"/>
    <nd ref="1780475800"/>
    <nd ref="436861532"/>
    <nd ref="436861531"/>
    <nd ref="8495725701"/>
    <nd ref="9890373439"/>
    <nd ref="2279499499"/>
    <nd ref="10968031011"/>
    <nd ref="2279499498"/>
    <nd ref="9890373436"/>
    <nd ref="8495829676"/>
    <nd ref="3785294670"/>
    <nd ref="4181467490"/>
    <nd ref="3785294660"/>
    <nd ref="3785287055"/>
    <nd ref="8495987258"/>
    <nd ref="1326157631"/>
    <nd ref="7527831654"/>
    <nd ref="1948704944"/>
    <nd ref="4181467515"/>
    <nd ref="6225367797"/>
    <nd ref="2279487900"/>
    <nd ref="2279487899"/>
    <nd ref="6225367803"/>
    <nd ref="8495853338"/>
    <nd ref="4181764358"/>
    <nd ref="5034061171"/>
    <nd ref="9922938501"/>
    <nd ref="8557161919"/>
    <nd ref="436861518"/>
    <nd ref="2049605108"/>
    <nd ref="5034061141"/>
    <nd ref="8557151081"/>
    <nd ref="5034061177"/>
    <nd ref="436861515"/>
    <nd ref="8498712781"/>
    <nd ref="7527831655"/>
    <nd ref="1326157669"/>
    <nd ref="1872569976"/>
    <nd ref="3958794766"/>
    <nd ref="5034061181"/>
    <nd ref="7527831658"/>
    <nd ref="4182358258"/>
    <nd ref="1326160761"/>
    <nd ref="8534904269"/>
    <nd ref="8555608444"/>
    <nd ref="2280678799"/>
    <tag k="highway" v="primary"/>
    <tag k="lit" v="yes"/>
    <tag k="name" v="언주로"/>
    <tag k="name:en" v="Eonju-ro"/>
    <tag k="name:ja" v="彦州路"/>
    <tag k="name:ko" v="언주로"/>
    <tag k="oneway" v="yes"/>
    <tag k="ref" v="51"/>
    <tag k="surface" v="asphalt"/>
  </way>
  <way id="218723443">
    <nd ref="595750380"/>
    <nd ref="2279499521"/>
    <nd ref="6225367255"/>
    <nd ref="2279499520"/>
    <nd ref="4180006695"/>
    <nd ref="9890373466"/>
    <nd ref="2279499516"/>
    <nd ref="2279499514"/>
    <nd ref="2279499512"/>
    <nd ref="9890373460"/>
    <nd ref="2279499510"/>
    <nd ref="2279499508"/>
    <nd ref="11356020892"/>
    <nd ref="11356020882"/>
    <nd ref="2281733399"/>
    <tag k="highway" v="secondary"/>
    <tag k="lane_markings" v="yes"/>
    <tag k="maxspeed" v="60"/>
    <tag k="name" v="도산대로"/>
    <tag k="name:en" v="Dosan-daero"/>
    <tag k="name:ja" v="島山大路"/>
    <tag k="name:ko" v="도산대로"/>
    <tag k="name:ko-Latn" v="Dosandaero"/>
    <tag k="oneway" v="yes"/>
    <tag k="surface" v="asphalt"/>
  </way>
  <way id="218724606">
    <nd ref="4139192733"/>
    <nd ref="6224082502"/>
    <nd ref="1780453725"/>
    <nd ref="1780453718"/>
    <nd ref="4179952624"/>
    <nd ref="6224082497"/>
    <nd ref="1780475822"/>
    <nd ref="7510250561"/>
    <nd ref="6224082495"/>
    <nd ref="5109687618"/>
    <nd ref="732032820"/>
    <nd ref="732033214"/>
    <tag k="highway" v="primary"/>
    <tag k="lanes" v="3"/>
    <tag k="name" v="논현로"/>
    <tag k="name:en" v="Nonhyeon-ro"/>
    <tag k="name:ja" v="論峴路"/>
    <tag k="name:ko" v="논현로"/>
    <tag k="oneway" v="yes"/>
    <tag k="surface" v="asphalt"/>
  </way>
  <way id="218725208">
    <nd ref="1326472600"/>
    <nd ref="596509884"/>
    <nd ref="9890373486"/>
    <nd ref="596509885"/>
    <nd ref="596509886"/>
    <nd ref="11111175130"/>
    <nd ref="6222192823"/>
    <nd ref="732246712"/>
    <nd ref="732248963"/>
    <nd ref="6222192829"/>
    <nd ref="11111175134"/>
    <nd ref="596509890"/>
    <nd ref="1326472560"/>
    <nd ref="596509891"/>
    <nd ref="596509893"/>
    <nd ref="596509895"/>
    <nd ref="596509896"/>
    <nd ref="11139143049"/>
    <nd ref="2032924071"/>
    <nd ref="11139107057"/>
    <nd ref="4946593787"/>
    <nd ref="6222192837"/>
    <nd ref="11110268154"/>
    <nd ref="732032849"/>
    <nd ref="732032934"/>
    <nd ref="11110268156"/>
    <nd ref="5996195664"/>
    <nd ref="6018335018"/>
    <nd ref="4973012286"/>
    <nd ref="8951264617"/>
    <nd ref="6018335006"/>
    <nd ref="6224082182"/>
    <nd ref="8489714176"/>
    <nd ref="2032775563"/>
    <nd ref="5996195667"/>
    <nd ref="5996195670"/>
    <nd ref="11225242210"/>
    <nd ref="7521872986"/>
    <tag k="highway" v="secondary"/>
    <tag k="maxheight" v="4.1"/>
    <tag k="name" v="압구정로"/>
    <tag k="name:en" v="Apgujeong-ro"/>
    <tag k="name:ja" v="狎鴎亭路"/>
    <tag k="name:ko" v="압구정로"/>
    <tag k="name:ko-Latn" v="Apgujeongno"/>
    <tag k="oneway" v="yes"/>
  </way>
  <way id="218725210">
    <nd ref="4946593783"/>
    <nd ref="732032936"/>
    <nd ref="11110268155"/>
    <nd ref="6222192840"/>
    <nd ref="732032934"/>
    <nd ref="732032930"/>
    <nd ref="11110268163"/>
    <nd ref="11110268160"/>
    <nd ref="4946593784"/>
    <nd ref="8557584678"/>
    <nd ref="732032917"/>
    <nd ref="8557584679"/>
    <nd ref="6224082492"/>
    <nd ref="8557584692"/>
    <nd ref="9891581230"/>
    <nd ref="2861603667"/>
    <nd ref="732031433"/>
    <nd ref="6245318175"/>
    <nd ref="732032902"/>
    <tag k="highway" v="primary"/>
    <tag k="lanes" v="2"/>
    <tag k="name" v="논현로"/>
    <tag k="name:en" v="Nonhyeon-ro"/>
    <tag k="name:ko" v="논현로"/>
    <tag k="oneway" v="yes"/>
    <tag k="surface" v="asphalt"/>
  </way>
  <way id="218906060">
    <nd ref="1905074719"/>
    <nd ref="596509879"/>
    <tag k="highway" v="secondary"/>
    <tag k="name" v="선릉로"/>
    <tag k="name:en" v="Seolleung-ro"/>
    <tag k="name:ja" v="宣陵路"/>
    <tag k="name:ko" v="선릉로"/>
    <tag k="surface" v="asphalt"/>
  </way>
  <way id="218964975">
    <nd ref="2281733399"/>
    <nd ref="11356020893"/>
    <nd ref="596137575"/>
    <nd ref="1905044368"/>
    <nd ref="1326472625"/>
    <nd ref="1326472622"/>
    <nd ref="1326472597"/>
    <nd ref="1905044370"/>
    <nd ref="4179788998"/>
    <nd ref="1905044353"/>
    <nd ref="1326472562"/>
    <nd ref="9890373479"/>
    <nd ref="596509934"/>
    <tag k="highway" v="secondary"/>
    <tag k="lane_markings" v="yes"/>
    <tag k="name" v="선릉로"/>
    <tag k="name:en" v="Seolleung-ro"/>
    <tag k="name:ja" v="宣陵路"/>
    <tag k="name:ko" v="선릉로"/>
    <tag k="surface" v="asphalt"/>
  </way>
  <way id="218964976">
    <nd ref="596509879"/>
    <nd ref="6225367251"/>
    <nd ref="9890373481"/>
    <nd ref="2704042952"/>
    <nd ref="9890373484"/>
    <nd ref="1326472600"/>
    <tag k="highway" v="secondary"/>
    <tag k="name" v="압구정로"/>
    <tag k="name:en" v="Apgujeong-ro"/>
    <tag k="name:ja" v="狎鴎亭路"/>
    <tag k="name:ko" v="압구정로"/>
    <tag k="oneway" v="yes"/>
  </way>
  <way id="219076293">
    <nd ref="2282830004"/>
    <nd ref="2282830005"/>
    <nd ref="1326157614"/>
    <nd ref="4181410616"/>
    <nd ref="1905044351"/>
    <nd ref="4181410614"/>
    <nd ref="1326157599"/>
    <nd ref="4181410607"/>
    <nd ref="3785294668"/>
    <nd ref="4678818002"/>
    <nd ref="4181410609"/>
    <nd ref="1905044364"/>
    <nd ref="5429355207"/>
    <nd ref="1905044356"/>
    <nd ref="11356020896"/>
    <nd ref="596137596"/>
    <nd ref="11356020890"/>
    <nd ref="414684882"/>
    <tag k="highway" v="secondary"/>
    <tag k="lane_markings" v="yes"/>
    <tag k="name" v="선릉로"/>
    <tag k="name:en" v="Seolleung-ro"/>
    <tag k="name:ja" v="宣陵路"/>
    <tag k="name:ko" v="선릉로"/>
    <tag k="name:ko-Latn" v="Seolleungno"/>
    <tag k="surface" v="asphalt"/>
  </way>
  <way id="219076295">
    <nd ref="596509934"/>
    <nd ref="6225367254"/>
    <nd ref="597136245"/>
    <nd ref="597148039"/>
    <nd ref="9890373474"/>
    <nd ref="3624389951"/>
    <nd ref="596509937"/>
    <nd ref="9890373470"/>
    <nd ref="596509940"/>
    <nd ref="596509942"/>
    <nd ref="596509944"/>
    <nd ref="596509946"/>
    <nd ref="596509949"/>
    <nd ref="596509951"/>
    <nd ref="597136249"/>
    <nd ref="6225367257"/>
    <nd ref="2279499521"/>
    <tag k="highway" v="secondary"/>
    <tag k="lane_markings" v="yes"/>
    <tag k="name" v="압구정로"/>
    <tag k="name:en" v="Apgujeong-ro"/>
    <tag k="name:ja" v="狎鴎亭路"/>
    <tag k="name:ko" v="압구정로"/>
    <tag k="name:ko-Latn" v="Apgujeongno"/>
    <tag k="oneway" v="yes"/>
    <tag k="surface" v="asphalt"/>
  </way>
  <way id="264754562">
    <nd ref="2704042936"/>
    <nd ref="2704042952"/>
    <nd ref="9890373482"/>
    <nd ref="6225367248"/>
    <nd ref="8498595203"/>
    <nd ref="9162682898"/>
    <nd ref="8498610977"/>
    <nd ref="9162682866"/>
    <nd ref="8498610951"/>
    <nd ref="9162682906"/>
    <nd ref="6247513831"/>
    <nd ref="2704043571"/>
    <tag k="highway" v="residential"/>
    <tag k="source:highway" v="bing"/>
  </way>
  <way id="282212621">
    <nd ref="2861603662"/>
    <nd ref="9891543486"/>
    <nd ref="6245318169"/>
    <nd ref="2861603663"/>
    <tag k="highway" v="residential"/>
    <tag k="lanes" v="2"/>
    <tag k="name" v="논현로163길"/>
    <tag k="name:en" v="Nonhyeon-ro 163-gil"/>
    <tag k="name:ko" v="논현로163길"/>
    <tag k="oneway" v="no"/>
    <tag k="surface" v="asphalt"/>
  </way>
  <way id="282212622">
    <nd ref="2861603665"/>
    <nd ref="9891543490"/>
    <nd ref="2861603666"/>
    <nd ref="9891543489"/>
    <nd ref="3242819197"/>
    <nd ref="6245318167"/>
    <nd ref="2861603667"/>
    <tag k="highway" v="residential"/>
    <tag k="name" v="논현로171길"/>
    <tag k="name:en" v="Nonhyeon-ro 171-gil"/>
    <tag k="name:ko" v="논현로171길"/>
  </way>
  <way id="345046976">
    <nd ref="596509934"/>
    <nd ref="1905074719"/>
    <tag k="highway" v="secondary"/>
    <tag k="name" v="선릉로"/>
    <tag k="name:en" v="Seolleung-ro"/>
    <tag k="name:ja" v="宣陵路"/>
    <tag k="name:ko" v="선릉로"/>
    <tag k="surface" v="asphalt"/>
  </way>
  <way id="345046977">
    <nd ref="596509879"/>
    <nd ref="6225367249"/>
    <nd ref="8498595197"/>
    <nd ref="8498636534"/>
    <nd ref="8498610976"/>
    <nd ref="8498636531"/>
    <nd ref="8498610966"/>
    <nd ref="8498618169"/>
    <nd ref="6247513829"/>
    <nd ref="6247513828"/>
    <tag k="highway" v="secondary"/>
    <tag k="name" v="선릉로"/>
    <tag k="name:en" v="Seolleung-ro"/>
    <tag k="name:ja" v="宣陵路"/>
    <tag k="name:ko" v="선릉로"/>
    <tag k="surface" v="asphalt"/>
  </way>
  <way id="357067889">
    <nd ref="3624476176"/>
    <nd ref="4179789003"/>
    <tag k="highway" v="residential"/>
    <tag k="name" v="언주로174길"/>
    <tag k="name:en" v="Eonju-ro 174-gil"/>
    <tag k="name:ko" v="언주로174길"/>
  </way>
  <way id="357067890">
    <nd ref="1780475817"/>
    <nd ref="6597565673"/>
    <nd ref="3624476176"/>
    <tag k="highway" v="residential"/>
    <tag k="name" v="언주로174길"/>
    <tag k="name:en" v="Eonju-ro 174-gil"/>
    <tag k="name:ko" v="언주로174길"/>
  </way>
  <way id="375138543">
    <nd ref="3785294677"/>
    <nd ref="9890373441"/>
    <nd ref="3785294674"/>
    <nd ref="3785294671"/>
    <nd ref="3785294667"/>
    <tag k="highway" v="residential"/>
    <tag k="name" v="도산대로46길"/>
    <tag k="name:en" v="Dosan-daero 46-gil"/>
    <tag k="name:ko" v="도산대로46길"/>
  </way>
  <way id="375138545">
    <nd ref="3785294678"/>
    <nd ref="9890373449"/>
    <nd ref="4158771895"/>
    <nd ref="3785294675"/>
    <nd ref="3785294672"/>
    <nd ref="3785294665"/>
    <nd ref="3785294661"/>
    <nd ref="1326157671"/>
    <tag k="highway" v="residential"/>
    <tag k="name" v="도산대로54길"/>
    <tag k="name:en" v="Dosan-daero 54-gil"/>
    <tag k="name:ko" v="도산대로54길"/>
  </way>
  <way id="417343916">
    <nd ref="7521833577"/>
    <nd ref="9890373502"/>
    <nd ref="2032925353"/>
    <nd ref="2036964771"/>
    <nd ref="2032924999"/>
    <nd ref="11139239314"/>
    <nd ref="2032924937"/>
    <nd ref="2032924896"/>
    <nd ref="6309939746"/>
    <nd ref="11139239315"/>
    <nd ref="2032924721"/>
    <nd ref="2032924399"/>
    <nd ref="6309939717"/>
    <nd ref="2036964439"/>
    <nd ref="2032924219"/>
    <nd ref="1853555181"/>
    <nd ref="2032924098"/>
    <nd ref="6309939715"/>
    <nd ref="1853555176"/>
    <nd ref="2032924056"/>
    <nd ref="2032924055"/>
    <nd ref="8495386043"/>
    <tag k="highway" v="residential"/>
    <tag k="name" v="압구정로29길"/>
    <tag k="name:en" v="Apgujeong-ro 29-gil"/>
    <tag k="name:ko" v="압구정로29길"/>
    <tag k="surface" v="asphalt"/>
  </way>
  <way id="417416324">
    <nd ref="4179707472"/>
    <nd ref="597148057"/>
    <nd ref="3624389952"/>
    <nd ref="597148040"/>
    <nd ref="597136243"/>
    <nd ref="597136146"/>
    <nd ref="597136271"/>
    <nd ref="1905044353"/>
    <tag k="highway" v="residential"/>
    <tag k="name" v="선릉로162길"/>
    <tag k="name:en" v="Seolleung-ro 162-gil"/>
    <tag k="name:ko" v="선릉로162길"/>
  </way>
  <way id="417420095">
    <nd ref="7513254325"/>
    <nd ref="7528331079"/>
    <nd ref="7528331080"/>
    <nd ref="7528331082"/>
    <nd ref="7514048904"/>
    <nd ref="2032775499"/>
    <tag k="highway" v="residential"/>
    <tag k="name" v="언주로152길"/>
    <tag k="name:en" v="Eonju-ro 152-gil"/>
    <tag k="name:ko" v="언주로152길"/>
    <tag k="oneway" v="yes"/>
  </way>
  <way id="417420098">
    <nd ref="4179788992"/>
    <nd ref="2032775511"/>
    <nd ref="7514048906"/>
    <nd ref="2032775499"/>
    <tag k="highway" v="residential"/>
    <tag k="name" v="도산대로45길"/>
    <tag k="name:en" v="Dosan-daero 45-gil"/>
    <tag k="name:ko" v="도산대로45길"/>
  </way>
  <way id="417420101">
    <nd ref="2032775525"/>
    <nd ref="7514048897"/>
    <nd ref="4179788993"/>
    <tag k="highway" v="residential"/>
    <tag k="name" v="도산대로51길"/>
    <tag k="name:en" v="Dosan-daero 51-gil"/>
    <tag k="name:ko" v="도산대로51길"/>
  </way>
  <way id="417420103">
    <nd ref="1326472606"/>
    <nd ref="4179788994"/>
    <tag k="highway" v="residential"/>
    <tag k="name" v="선릉로153길"/>
    <tag k="name:en" v="Seolleung-ro 153-gil"/>
    <tag k="name:ko" v="선릉로153길"/>
  </way>
  <way id="417420109">
    <nd ref="4179788997"/>
    <nd ref="4309623098"/>
    <nd ref="4179788998"/>
    <tag k="highway" v="residential"/>
    <tag k="name" v="선릉로161길"/>
    <tag k="name:en" v="Seolleung-ro 161-gil"/>
    <tag k="name:ko" v="선릉로161길"/>
  </way>
  <way id="417420112">
    <nd ref="4179788995"/>
    <nd ref="4179789009"/>
    <nd ref="4309623098"/>
    <tag k="highway" v="service"/>
    <tag k="name" v="압구정로56길"/>
    <tag k="name:en" v="Apgujeong-ro 56-gil"/>
    <tag k="name:ko" v="압구정로56길"/>
  </way>
  <way id="417420115">
    <nd ref="5994874851"/>
    <nd ref="1326472541"/>
    <nd ref="1326472645"/>
    <tag k="highway" v="service"/>
    <tag k="name" v="압구정로50길"/>
    <tag k="name:en" v="Apgujeong-ro 50-gil"/>
    <tag k="name:ko" v="압구정로50길"/>
  </way>
  <way id="417420118">
    <nd ref="4179789000"/>
    <nd ref="12706696664"/>
    <nd ref="4179789012"/>
    <nd ref="4179789001"/>
    <nd ref="5812469206"/>
    <nd ref="5812469203"/>
    <nd ref="7510250583"/>
    <nd ref="4179789003"/>
    <tag k="highway" v="residential"/>
    <tag k="name" v="선릉로161길"/>
    <tag k="name:en" v="Seolleung-ro 161-gil"/>
    <tag k="name:ko" v="선릉로161길"/>
  </way>
  <way id="417420121">
    <nd ref="4179789004"/>
    <nd ref="4179789005"/>
    <nd ref="1326472618"/>
    <nd ref="5812469204"/>
    <nd ref="7510250584"/>
    <nd ref="7510250583"/>
    <tag k="highway" v="residential"/>
    <tag k="name" v="압구정로48길"/>
    <tag k="name:en" v="Apgujeong-ro 48-gil"/>
    <tag k="name:ko" v="압구정로48길"/>
    <tag k="oneway" v="yes"/>
  </way>
  <way id="417420124">
    <nd ref="4179789005"/>
    <nd ref="7510293088"/>
    <nd ref="1326472590"/>
    <nd ref="7528331049"/>
    <nd ref="1326472579"/>
    <nd ref="7510250582"/>
    <nd ref="7510250581"/>
    <nd ref="5034061144"/>
    <tag k="highway" v="residential"/>
    <tag k="name" v="언주로170길"/>
    <tag k="name:en" v="Eonju-ro 170-gil"/>
    <tag k="name:ko" v="언주로170길"/>
    <tag k="oneway" v="yes"/>
  </way>
  <way id="417420128">
    <nd ref="4179789004"/>
    <nd ref="7521872996"/>
    <nd ref="7521873187"/>
    <nd ref="2032775545"/>
    <nd ref="7521872988"/>
    <nd ref="1326472524"/>
    <nd ref="1326472622"/>
    <tag k="highway" v="residential"/>
    <tag k="name" v="선릉로155길"/>
    <tag k="name:en" v="Seolleung-ro 155-gil"/>
    <tag k="name:ko" v="선릉로155길"/>
  </way>
  <way id="417420131">
    <nd ref="4179789004"/>
    <nd ref="1326472522"/>
    <nd ref="1326472643"/>
    <nd ref="1326472606"/>
    <nd ref="7514048898"/>
    <nd ref="4179788992"/>
    <nd ref="7514048901"/>
    <nd ref="9890373445"/>
    <nd ref="2279499502"/>
    <tag k="highway" v="residential"/>
    <tag k="name" v="도산대로49길"/>
    <tag k="name:en" v="Dosan-daero 49-gil"/>
    <tag k="name:ko" v="도산대로49길"/>
  </way>
  <way id="417420141">
    <nd ref="4179789011"/>
    <nd ref="4179789006"/>
    <tag k="highway" v="service"/>
    <tag k="name" v="선릉로157길"/>
    <tag k="name:en" v="Seolleung-ro 157-gil"/>
    <tag k="name:ko" v="선릉로157길"/>
  </way>
  <way id="417420142">
    <nd ref="4179789006"/>
    <nd ref="4179789012"/>
    <tag k="highway" v="service"/>
    <tag k="name" v="선릉로161길"/>
    <tag k="name:en" v="Seolleung-ro 161-gil"/>
    <tag k="name:ko" v="선릉로161길"/>
  </way>
  <way id="417420148">
    <nd ref="1326472554"/>
    <nd ref="4179789003"/>
    <nd ref="1326472537"/>
    <nd ref="7510250576"/>
    <nd ref="1326472590"/>
    <nd ref="2032775554"/>
    <nd ref="1326472592"/>
    <nd ref="1326472540"/>
    <nd ref="4179788994"/>
    <nd ref="2032775518"/>
    <nd ref="7514048902"/>
    <nd ref="2032775511"/>
    <tag k="highway" v="residential"/>
    <tag k="name" v="압구정로46길"/>
    <tag k="name:en" v="Apgujeong-ro 46-gil"/>
    <tag k="name:ko" v="압구정로46길"/>
  </way>
  <way id="417420151">
    <nd ref="1326472554"/>
    <nd ref="4968626951"/>
    <nd ref="1326472635"/>
    <tag k="highway" v="residential"/>
    <tag k="name" v="압구정로46길"/>
    <tag k="name:en" v="Apgujeong-ro 46-gil"/>
    <tag k="name:ko" v="압구정로46길"/>
  </way>
  <way id="417430591">
    <nd ref="5438812401"/>
    <nd ref="3636113153"/>
    <nd ref="7521833574"/>
    <tag k="highway" v="residential"/>
    <tag k="name" v="언주로173길"/>
    <tag k="name:en" v="Eonju-ro 173-gil"/>
    <tag k="name:ko" v="언주로173길"/>
  </way>
  <way id="417434585">
    <nd ref="4179952604"/>
    <nd ref="7521833573"/>
    <nd ref="2032924051"/>
    <tag k="highway" v="residential"/>
    <tag k="name" v="언주로171길"/>
    <tag k="name:en" v="Eonju-ro 171-gil"/>
    <tag k="name:ko" v="언주로171길"/>
  </way>
  <way id="417434586">
    <nd ref="4179952605"/>
    <nd ref="4933675468"/>
    <tag k="highway" v="residential"/>
    <tag k="name" v="언주로167길"/>
    <tag k="name:en" v="Eonju-ro 167-gil"/>
    <tag k="name:ko" v="언주로167길"/>
  </way>
  <way id="417434587">
    <nd ref="4933675481"/>
    <nd ref="4933675487"/>
    <nd ref="8954060745"/>
    <nd ref="4179952611"/>
    <nd ref="4179952612"/>
    <tag k="highway" v="residential"/>
    <tag k="name" v="언주로165길"/>
    <tag k="name:en" v="Eonju-ro 165-gil"/>
    <tag k="name:ko" v="언주로165길"/>
  </way>
  <way id="417434588">
    <nd ref="4179952613"/>
    <nd ref="5994874847"/>
    <nd ref="4179952611"/>
    <tag k="highway" v="service"/>
    <tag k="noname" v="yes"/>
  </way>
  <way id="417434589">
    <nd ref="4179952611"/>
    <nd ref="7510293090"/>
    <nd ref="4179952615"/>
    <tag k="highway" v="residential"/>
    <tag k="name" v="언주로165길"/>
    <tag k="name:en" v="Eonju-ro 165-gil"/>
    <tag k="name:ko" v="언주로165길"/>
  </way>
  <way id="417434590">
    <nd ref="4179952616"/>
    <nd ref="4933675434"/>
    <nd ref="4179952617"/>
    <nd ref="4179952643"/>
    <nd ref="4179952641"/>
    <nd ref="4933675492"/>
    <nd ref="8577408878"/>
    <nd ref="4179952615"/>
    <nd ref="4179952638"/>
    <nd ref="4179952618"/>
    <tag k="highway" v="residential"/>
    <tag k="name" v="언주로159길"/>
    <tag k="name:en" v="Eonju-ro 159-gil"/>
    <tag k="name:ko" v="언주로159길"/>
  </way>
  <way id="417434591">
    <nd ref="4179952619"/>
    <nd ref="4179952620"/>
    <nd ref="4179952621"/>
    <tag k="highway" v="residential"/>
    <tag k="name" v="언주로153길"/>
    <tag k="name:en" v="Eonju-ro 153-gil"/>
    <tag k="name:ko" v="언주로153길"/>
  </way>
  <way id="417434592">
    <nd ref="4179952622"/>
    <nd ref="8954060847"/>
    <nd ref="7510250553"/>
    <nd ref="4179952620"/>
    <tag k="highway" v="service"/>
    <tag k="name" v="논현로168길"/>
    <tag k="name:en" v="Nonhyeon-ro 168-gil"/>
    <tag k="name:ko" v="논현로168길"/>
  </way>
  <way id="417434593">
    <nd ref="4179952622"/>
    <nd ref="5438813902"/>
    <nd ref="1780475833"/>
    <nd ref="4179952627"/>
    <nd ref="1780475824"/>
    <nd ref="10921395709"/>
    <nd ref="1780475818"/>
    <nd ref="1780475798"/>
    <nd ref="4179952623"/>
    <nd ref="9890373429"/>
    <nd ref="3242819194"/>
    <tag k="highway" v="residential"/>
    <tag k="name" v="도산대로37길"/>
    <tag k="name:en" v="Dosan-daero 37-gil"/>
    <tag k="name:ko" v="도산대로37길"/>
  </way>
  <way id="417434594">
    <nd ref="4179952623"/>
    <nd ref="436861531"/>
    <tag k="highway" v="residential"/>
    <tag k="name" v="언주로151길"/>
    <tag k="name:en" v="Eonju-ro 151-gil"/>
    <tag k="name:ko" v="언주로151길"/>
  </way>
  <way id="417434596">
    <nd ref="4179952626"/>
    <nd ref="4179952628"/>
    <nd ref="4309918236"/>
    <nd ref="4179952627"/>
    <tag k="highway" v="service"/>
    <tag k="name" v="논현로160길"/>
    <tag k="name:en" v="Nonhyeon-ro 160-gil"/>
    <tag k="name:ko" v="논현로160길"/>
  </way>
  <way id="417434597">
    <nd ref="4179952628"/>
    <nd ref="4179952629"/>
    <tag k="highway" v="residential"/>
    <tag k="name" v="논현로164길"/>
    <tag k="name:en" v="Nonhyeon-ro 164-gil"/>
    <tag k="name:ko" v="논현로164길"/>
  </way>
  <way id="417434598">
    <nd ref="4179952630"/>
    <nd ref="5438813900"/>
    <nd ref="4179952634"/>
    <nd ref="8577408879"/>
    <nd ref="7510250556"/>
    <nd ref="4179952619"/>
    <tag k="highway" v="residential"/>
    <tag k="name" v="언주로157길"/>
    <tag k="name:en" v="Eonju-ro 157-gil"/>
    <tag k="name:ko" v="언주로157길"/>
  </way>
  <way id="417434599">
    <nd ref="4179952622"/>
    <nd ref="7514048909"/>
    <nd ref="4179952634"/>
    <tag k="highway" v="residential"/>
    <tag k="name" v="도산대로37길"/>
    <tag k="name:en" v="Dosan-daero 37-gil"/>
    <tag k="name:ko" v="도산대로37길"/>
  </way>
  <way id="417434602">
    <nd ref="4933675492"/>
    <nd ref="4933675487"/>
    <tag k="highway" v="service"/>
    <tag k="name" v="언주로165길"/>
    <tag k="name:en" v="Eonju-ro 165-gil"/>
    <tag k="name:ko" v="언주로165길"/>
  </way>
  <way id="417434604">
    <nd ref="4179952642"/>
    <nd ref="4179952643"/>
    <tag k="highway" v="service"/>
    <tag k="name" v="논현로172길"/>
    <tag k="name:en" v="Nonhyeon-ro 172-gil"/>
    <tag k="name:ko" v="논현로172길"/>
  </way>
  <way id="417442002">
    <nd ref="4180006696"/>
    <nd ref="596149187"/>
    <nd ref="596149212"/>
    <nd ref="13245951698"/>
    <nd ref="596149237"/>
    <nd ref="596149239"/>
    <nd ref="596149215"/>
    <nd ref="7514035483"/>
    <nd ref="596149220"/>
    <nd ref="13247785542"/>
    <nd ref="596149180"/>
    <nd ref="596149228"/>
    <tag k="highway" v="residential"/>
    <tag k="name" v="선릉로148길"/>
    <tag k="name:en" v="Seolleung-ro 148-gil"/>
    <tag k="name:ko" v="선릉로148길"/>
  </way>
  <way id="503015615">
    <nd ref="4933675432"/>
    <nd ref="7510250549"/>
    <nd ref="4933675468"/>
    <nd ref="4933675433"/>
    <nd ref="6245318170"/>
    <nd ref="4933675443"/>
    <nd ref="4933675434"/>
    <nd ref="4933675436"/>
    <nd ref="4933675435"/>
    <tag k="highway" v="residential"/>
    <tag k="name" v="압구정로32길"/>
    <tag k="name:en" v="Apgujeong-ro 32-gil"/>
    <tag k="name:ko" v="압구정로32길"/>
  </way>
  <way id="503015616">
    <nd ref="4933675436"/>
    <nd ref="4933675437"/>
    <nd ref="4933675438"/>
    <tag k="highway" v="service"/>
  </way>
  <way id="503015617">
    <nd ref="4933675439"/>
    <nd ref="6245318170"/>
    <nd ref="4933675441"/>
    <tag k="highway" v="service"/>
  </way>
  <way id="503015618">
    <nd ref="4933675442"/>
    <nd ref="4933675443"/>
    <nd ref="4933675444"/>
    <tag k="highway" v="service"/>
  </way>
  <way id="504510384">
    <nd ref="4946593787"/>
    <nd ref="4968626364"/>
    <nd ref="8495386041"/>
    <nd ref="8495386043"/>
    <nd ref="8495386042"/>
    <nd ref="732032854"/>
    <tag k="highway" v="primary_link"/>
    <tag k="oneway" v="yes"/>
    <tag k="surface" v="asphalt"/>
  </way>
  <way id="504515461">
    <nd ref="4946644075"/>
    <nd ref="7986993962"/>
    <nd ref="9891581219"/>
    <nd ref="4946644039"/>
    <tag k="highway" v="service"/>
  </way>
  <way id="507338311">
    <nd ref="2032924055"/>
    <nd ref="8495386044"/>
    <nd ref="4968626364"/>
    <tag k="highway" v="residential"/>
    <tag k="noname" v="yes"/>
    <tag k="surface" v="asphalt"/>
  </way>
  <way id="507338314">
    <nd ref="4968626369"/>
    <nd ref="6222192839"/>
    <nd ref="6222192840"/>
    <nd ref="4968626370"/>
    <tag k="bicycle" v="yes"/>
    <tag k="crossing:markings" v="zebra:double"/>
    <tag k="foot" v="yes"/>
    <tag k="footway" v="crossing"/>
    <tag k="highway" v="footway"/>
    <tag k="motor_vehicle" v="no"/>
    <tag k="surface" v="asphalt"/>
  </way>
  <way id="507338326">
    <nd ref="4968626392"/>
    <nd ref="9890373487"/>
    <nd ref="7521833584"/>
    <nd ref="7521833574"/>
    <nd ref="7521833573"/>
    <tag k="highway" v="residential"/>
    <tag k="name" v="압구정로38길"/>
    <tag k="name:en" v="Apgujeong-ro 38-gil"/>
    <tag k="name:ko" v="압구정로38길"/>
  </way>
  <way id="522490642">
    <nd ref="414684838"/>
    <nd ref="6224082505"/>
    <nd ref="8079695353"/>
    <nd ref="9890373426"/>
    <nd ref="8494118853"/>
    <nd ref="2279499497"/>
    <nd ref="9890373431"/>
    <nd ref="8495829684"/>
    <nd ref="9890373437"/>
    <nd ref="2279499498"/>
    <nd ref="10968031010"/>
    <nd ref="414684863"/>
    <nd ref="9890373434"/>
    <nd ref="8495837334"/>
    <nd ref="9890373442"/>
    <nd ref="3785294677"/>
    <nd ref="2279499501"/>
    <nd ref="9890373448"/>
    <nd ref="3785294678"/>
    <nd ref="11356020895"/>
    <nd ref="11356020886"/>
    <nd ref="414684882"/>
    <tag k="highway" v="secondary"/>
    <tag k="lanes" v="6"/>
    <tag k="lit" v="yes"/>
    <tag k="name" v="도산대로"/>
    <tag k="name:en" v="Dosan-daero"/>
    <tag k="name:ja" v="島山大路"/>
    <tag k="name:ko" v="도산대로"/>
    <tag k="oneway" v="yes"/>
    <tag k="surface" v="asphalt"/>
  </way>
  <way id="525201134">
    <nd ref="1780475825"/>
    <nd ref="9891543516"/>
    <nd ref="5109687618"/>
    <tag k="highway" v="residential"/>
    <tag k="name" v="논현로164길"/>
    <tag k="name:en" v="Nonhyeon-ro 164-gil"/>
    <tag k="name:ko" v="논현로164길"/>
  </way>
  <way id="564499732">
    <nd ref="5438813750"/>
    <nd ref="5438813751"/>
    <tag k="highway" v="service"/>
    <tag k="name" v="압구정로36길"/>
    <tag k="name:en" v="Apgujeong-ro 36-gil"/>
    <tag k="name:ko" v="압구정로36길"/>
  </way>
  <way id="564499776">
    <nd ref="5438813900"/>
    <nd ref="7510250557"/>
    <nd ref="5438813901"/>
    <tag k="highway" v="service"/>
    <tag k="name" v="언주로157길"/>
    <tag k="name:en" v="Eonju-ro 157-gil"/>
    <tag k="name:ko" v="언주로157길"/>
  </way>
  <way id="565108122">
    <nd ref="5443360313"/>
    <nd ref="5443360314"/>
    <tag k="highway" v="service"/>
    <tag k="name" v="언주로167길"/>
    <tag k="name:en" v="Eonju-ro 167-gil"/>
    <tag k="name:ko" v="언주로167길"/>
  </way>
  <way id="583868498">
    <nd ref="1326472635"/>
    <nd ref="9890373483"/>
    <nd ref="1326472604"/>
    <nd ref="2704042936"/>
    <nd ref="9890373480"/>
    <nd ref="3624476175"/>
    <tag k="highway" v="secondary"/>
    <tag k="name" v="압구정로"/>
    <tag k="name:en" v="Apgujeong-ro"/>
    <tag k="name:ja" v="狎鴎亭路"/>
    <tag k="name:ko" v="압구정로"/>
    <tag k="oneway" v="yes"/>
  </way>
  <way id="608019615">
    <nd ref="1326472543"/>
    <nd ref="5761152201"/>
    <nd ref="5761152207"/>
    <nd ref="5761152205"/>
    <nd ref="5761153132"/>
    <nd ref="5761152202"/>
    <tag k="bicycle" v="no"/>
    <tag k="highway" v="footway"/>
  </way>
  <way id="608019616">
    <nd ref="5761152205"/>
    <nd ref="5761152206"/>
    <tag k="bicycle" v="no"/>
    <tag k="highway" v="footway"/>
  </way>
  <way id="608019617">
    <nd ref="5761152207"/>
    <nd ref="5761152208"/>
    <nd ref="5761152209"/>
    <tag k="bicycle" v="no"/>
    <tag k="highway" v="footway"/>
  </way>
  <way id="608019618">
    <nd ref="5761152217"/>
    <nd ref="5761152218"/>
    <nd ref="5761152219"/>
    <nd ref="5761152220"/>
    <nd ref="5761153121"/>
    <nd ref="5761153122"/>
    <nd ref="5761153123"/>
    <nd ref="5761153124"/>
    <nd ref="5761153125"/>
    <nd ref="5761153126"/>
    <nd ref="5761152209"/>
    <nd ref="5761152212"/>
    <nd ref="5761152213"/>
    <nd ref="5761152214"/>
    <nd ref="5761152215"/>
    <nd ref="5761152216"/>
    <nd ref="5761152206"/>
    <nd ref="5761152210"/>
    <nd ref="5761152211"/>
    <nd ref="5761152217"/>
    <tag k="bicycle" v="no"/>
    <tag k="highway" v="footway"/>
  </way>
  <way id="608019619">
    <nd ref="5761152207"/>
    <nd ref="5761153127"/>
    <nd ref="8577408903"/>
    <nd ref="5761153128"/>
    <nd ref="5761153129"/>
    <nd ref="5761153130"/>
    <nd ref="8577408874"/>
    <nd ref="5761153131"/>
    <nd ref="5761153132"/>
    <tag k="bicycle" v="no"/>
    <tag k="highway" v="footway"/>
  </way>
  <way id="608019620">
    <nd ref="5034061146"/>
    <nd ref="5761153133"/>
    <nd ref="1326472598"/>
    <tag k="highway" v="residential"/>
    <tag k="name" v="언주로160길"/>
    <tag k="name:en" v="Eonju-ro 160-gil"/>
    <tag k="name:ko" v="언주로160길"/>
  </way>
  <way id="635536373">
    <nd ref="4179952641"/>
    <nd ref="8495621246"/>
    <nd ref="8495621248"/>
    <nd ref="4179952603"/>
    <nd ref="4933675481"/>
    <nd ref="5438813751"/>
    <nd ref="4179952607"/>
    <nd ref="7510250547"/>
    <nd ref="4179952604"/>
    <nd ref="3636113153"/>
    <nd ref="6222192833"/>
    <nd ref="596509909"/>
    <tag k="highway" v="residential"/>
    <tag k="name" v="압구정로36길"/>
    <tag k="name:en" v="Apgujeong-ro 36-gil"/>
    <tag k="name:ko" v="압구정로36길"/>
  </way>
  <way id="635536374">
    <nd ref="4179952638"/>
    <nd ref="4179952631"/>
    <tag k="highway" v="service"/>
    <tag k="name" v="언주로157길"/>
    <tag k="name:en" v="Eonju-ro 157-gil"/>
    <tag k="name:ko" v="언주로157길"/>
  </way>
  <way id="664964266">
    <nd ref="6245318172"/>
    <nd ref="6224082494"/>
    <nd ref="6224082495"/>
    <nd ref="9891543515"/>
    <tag k="bicycle" v="yes"/>
    <tag k="crossing" v="marked"/>
    <tag k="crossing:markings" v="yes"/>
    <tag k="footway" v="crossing"/>
    <tag k="highway" v="footway"/>
    <tag k="lit" v="no"/>
    <tag k="surface" v="asphalt"/>
  </way>
  <way id="665106050">
    <nd ref="6225367250"/>
    <nd ref="6225367251"/>
    <nd ref="6225367252"/>
    <nd ref="9072343315"/>
    <tag k="bicycle" v="yes"/>
    <tag k="crossing" v="marked"/>
    <tag k="crossing:markings" v="yes"/>
    <tag k="footway" v="crossing"/>
    <tag k="highway" v="footway"/>
    <tag k="surface" v="asphalt"/>
  </way>
  <way id="665106051">
    <nd ref="9072343308"/>
    <nd ref="6225367253"/>
    <nd ref="6225367254"/>
    <nd ref="9072343309"/>
    <tag k="bicycle" v="yes"/>
    <tag k="crossing" v="marked"/>
    <tag k="crossing:markings" v="yes"/>
    <tag k="footway" v="crossing"/>
    <tag k="highway" v="footway"/>
  </way>
  <way id="702583908">
    <nd ref="2032775518"/>
    <nd ref="7528331074"/>
    <nd ref="1326472543"/>
    <tag k="highway" v="residential"/>
    <tag k="name" v="도산대로45길"/>
    <tag k="name:en" v="Dosan-daero 45-gil"/>
    <tag k="name:ko" v="도산대로45길"/>
  </way>
  <way id="769538141">
    <nd ref="4933675468"/>
    <nd ref="5443360313"/>
    <nd ref="4179952606"/>
    <nd ref="4179952607"/>
    <nd ref="4179952613"/>
    <nd ref="4179952608"/>
    <tag k="highway" v="residential"/>
    <tag k="name" v="언주로167길"/>
    <tag k="name:en" v="Eonju-ro 167-gil"/>
    <tag k="name:ko" v="언주로167길"/>
  </way>
  <way id="802882351">
    <nd ref="7510250547"/>
    <nd ref="7510250546"/>
    <tag k="highway" v="service"/>
    <tag k="name" v="압구정로36길"/>
    <tag k="name:en" v="Apgujeong-ro 36-gil"/>
    <tag k="name:ko" v="압구정로36길"/>
  </way>
  <way id="802882352">
    <nd ref="7510250549"/>
    <nd ref="7510250548"/>
    <tag k="highway" v="service"/>
    <tag k="noname" v="yes"/>
  </way>
  <way id="802882355">
    <nd ref="7510250553"/>
    <nd ref="7510250552"/>
    <tag k="highway" v="service"/>
    <tag k="name" v="논현로168길"/>
    <tag k="name:en" v="Nonhyeon-ro 168-gil"/>
    <tag k="name:ko" v="논현로168길"/>
  </way>
  <way id="802882356">
    <nd ref="7510250561"/>
    <nd ref="9891543481"/>
    <nd ref="7510250560"/>
    <tag k="highway" v="service"/>
    <tag k="name" v="논현로160길"/>
    <tag k="name:en" v="Nonhyeon-ro 160-gil"/>
    <tag k="name:ko" v="논현로160길"/>
  </way>
  <way id="802882362">
    <nd ref="7510250577"/>
    <nd ref="7510250576"/>
    <tag k="highway" v="service"/>
    <tag k="name" v="압구정로42길"/>
    <tag k="name:en" v="Apgujeong-ro 42-gil"/>
    <tag k="name:ko" v="압구정로42길"/>
  </way>
  <way id="802882363">
    <nd ref="7510250578"/>
    <nd ref="7510250577"/>
    <tag k="highway" v="service"/>
    <tag k="name" v="압구정로42길"/>
    <tag k="name:en" v="Apgujeong-ro 42-gil"/>
    <tag k="name:ko" v="압구정로42길"/>
  </way>
  <way id="802882364">
    <nd ref="7510250580"/>
    <nd ref="7510250579"/>
    <nd ref="7510250578"/>
    <nd ref="7510250582"/>
    <tag k="highway" v="service"/>
    <tag k="name" v="언주로172길"/>
    <tag k="name:en" v="Eonju-ro 172-gil"/>
    <tag k="name:ko" v="언주로172길"/>
  </way>
  <way id="803204151">
    <nd ref="7513254325"/>
    <nd ref="7513254324"/>
    <tag k="highway" v="service"/>
    <tag k="name" v="도산대로"/>
    <tag k="name:en" v="Dosan-daero"/>
    <tag k="name:ko" v="도산대로"/>
    <tag k="surface" v="asphalt"/>
  </way>
  <way id="803282748">
    <nd ref="7514035481"/>
    <nd ref="7514035482"/>
    <tag k="highway" v="service"/>
    <tag k="noname" v="yes"/>
  </way>
  <way id="803282749">
    <nd ref="7514035481"/>
    <nd ref="7514035480"/>
    <tag k="highway" v="service"/>
    <tag k="name" v="도산대로58길"/>
    <tag k="name:en" v="Dosan-daero 58-gil"/>
    <tag k="name:ko" v="도산대로58길"/>
  </way>
  <way id="803282750">
    <nd ref="7514035483"/>
    <nd ref="7514035481"/>
    <tag k="highway" v="service"/>
    <tag k="name" v="도산대로58길"/>
    <tag k="name:en" v="Dosan-daero 58-gil"/>
    <tag k="name:ko" v="도산대로58길"/>
  </way>
  <way id="803282751">
    <nd ref="2279499510"/>
    <nd ref="9890373458"/>
    <nd ref="597136240"/>
    <nd ref="597136227"/>
    <tag k="highway" v="residential"/>
    <tag k="lit" v="yes"/>
    <tag k="name" v="도산대로57길"/>
    <tag k="name:en" v="Dosan-daero 57-gil"/>
    <tag k="name:ko" v="도산대로57길"/>
    <tag k="surface" v="asphalt"/>
  </way>
  <way id="803282752">
    <nd ref="7514048890"/>
    <nd ref="7514048889"/>
    <nd ref="7514048888"/>
    <nd ref="7514048887"/>
    <nd ref="7514048886"/>
    <nd ref="7514048885"/>
    <tag k="highway" v="service"/>
    <tag k="name" v="도산대로55길"/>
    <tag k="name:en" v="Dosan-daero 55-gil"/>
    <tag k="name:ko" v="도산대로55길"/>
  </way>
  <way id="803282753">
    <nd ref="7514048893"/>
    <nd ref="7514048892"/>
    <nd ref="7514048891"/>
    <tag k="highway" v="service"/>
    <tag k="name" v="도산대로53길"/>
    <tag k="name:en" v="Dosan-daero 53-gil"/>
    <tag k="name:ko" v="도산대로53길"/>
  </way>
  <way id="803282755">
    <nd ref="7514048898"/>
    <nd ref="7514048897"/>
    <tag k="highway" v="service"/>
    <tag k="name" v="도산대로49길"/>
    <tag k="name:en" v="Dosan-daero 49-gil"/>
    <tag k="name:ko" v="도산대로49길"/>
  </way>
  <way id="803282756">
    <nd ref="7514048901"/>
    <nd ref="7514048900"/>
    <nd ref="7514048899"/>
    <tag k="highway" v="service"/>
    <tag k="name" v="도산대로49길"/>
    <tag k="name:en" v="Dosan-daero 49-gil"/>
    <tag k="name:ko" v="도산대로49길"/>
  </way>
  <way id="803282757">
    <nd ref="7514048903"/>
    <nd ref="7514048902"/>
    <tag k="highway" v="service"/>
    <tag k="name" v="도산대로45길"/>
    <tag k="name:en" v="Dosan-daero 45-gil"/>
    <tag k="name:ko" v="도산대로45길"/>
  </way>
  <way id="803282758">
    <nd ref="7514048908"/>
    <nd ref="7514048905"/>
    <nd ref="7514048904"/>
    <tag k="highway" v="service"/>
    <tag k="name" v="도산대로45길"/>
    <tag k="name:en" v="Dosan-daero 45-gil"/>
    <tag k="name:ko" v="도산대로45길"/>
  </way>
  <way id="803282759">
    <nd ref="7514048908"/>
    <nd ref="7514048907"/>
    <nd ref="7514048906"/>
    <tag k="highway" v="service"/>
    <tag k="name" v="도산대로45길"/>
    <tag k="name:en" v="Dosan-daero 45-gil"/>
    <tag k="name:ko" v="도산대로45길"/>
  </way>
  <way id="803282760">
    <nd ref="5994874848"/>
    <nd ref="4179952637"/>
    <tag k="highway" v="service"/>
    <tag k="noname" v="yes"/>
  </way>
  <way id="803282761">
    <nd ref="4179952619"/>
    <nd ref="7510250555"/>
    <nd ref="4179952631"/>
    <nd ref="4179952632"/>
    <tag k="highway" v="service"/>
    <tag k="name" v="언주로157길"/>
    <tag k="name:en" v="Eonju-ro 157-gil"/>
    <tag k="name:ko" v="언주로157길"/>
  </way>
  <way id="803282762">
    <nd ref="1780475820"/>
    <nd ref="1780475810"/>
    <tag k="highway" v="service"/>
    <tag k="name" v="도산대로35길"/>
    <tag k="name:en" v="Dosan-daero 35-gil"/>
    <tag k="name:ko" v="도산대로35길"/>
  </way>
  <way id="804171131">
    <nd ref="4309623098"/>
    <nd ref="4179788996"/>
    <nd ref="4179788999"/>
    <tag k="highway" v="residential"/>
    <tag k="name" v="압구정로56길"/>
    <tag k="name:en" v="Apgujeong-ro 56-gil"/>
    <tag k="name:ko" v="압구정로56길"/>
  </way>
  <way id="804171132">
    <nd ref="1326472645"/>
    <nd ref="1326472554"/>
    <tag k="highway" v="service"/>
    <tag k="name" v="압구정로46길"/>
    <tag k="name:en" v="Apgujeong-ro 46-gil"/>
    <tag k="name:ko" v="압구정로46길"/>
  </way>
  <way id="804171138">
    <nd ref="1326472535"/>
    <nd ref="4179789010"/>
    <nd ref="12706696664"/>
    <nd ref="1326472541"/>
    <tag k="highway" v="service"/>
    <tag k="name" v="선릉로161길"/>
    <tag k="name:en" v="Seolleung-ro 161-gil"/>
    <tag k="name:ko" v="선릉로161길"/>
  </way>
  <way id="804171139">
    <nd ref="1326472535"/>
    <nd ref="7521872988"/>
    <tag k="highway" v="service"/>
    <tag k="name" v="선릉로157길"/>
    <tag k="name:en" v="Seolleung-ro 157-gil"/>
    <tag k="name:ko" v="선릉로157길"/>
  </way>
  <way id="804171141">
    <nd ref="7521872995"/>
    <nd ref="7521873187"/>
    <tag k="highway" v="service"/>
    <tag k="name" v="선릉로157길"/>
    <tag k="name:en" v="Seolleung-ro 157-gil"/>
    <tag k="name:ko" v="선릉로157길"/>
  </way>
  <way id="804171142">
    <nd ref="7521872997"/>
    <nd ref="7521872996"/>
    <tag k="highway" v="service"/>
    <tag k="name" v="선릉로157길"/>
    <tag k="name:en" v="Seolleung-ro 157-gil"/>
    <tag k="name:ko" v="선릉로157길"/>
  </way>
  <way id="804171182">
    <nd ref="7521873187"/>
    <nd ref="7521873186"/>
    <nd ref="7521873185"/>
    <tag k="highway" v="service"/>
    <tag k="name" v="선릉로155길"/>
    <tag k="name:en" v="Seolleung-ro 155-gil"/>
    <tag k="name:ko" v="선릉로155길"/>
  </way>
  <way id="804171183">
    <nd ref="597136208"/>
    <nd ref="597136204"/>
    <nd ref="597136240"/>
    <nd ref="597136254"/>
    <nd ref="1905044368"/>
    <tag k="highway" v="residential"/>
    <tag k="name" v="선릉로152길"/>
    <tag k="name:en" v="Seolleung-ro 152-gil"/>
    <tag k="name:ko" v="선릉로152길"/>
  </way>
  <way id="804841083">
    <nd ref="7528331049"/>
    <nd ref="7528331048"/>
    <tag k="highway" v="service"/>
    <tag k="name" v="언주로170길"/>
    <tag k="name:en" v="Eonju-ro 170-gil"/>
    <tag k="name:ko" v="언주로170길"/>
  </way>
  <way id="804841084">
    <nd ref="7528331051"/>
    <nd ref="7528331050"/>
    <tag k="highway" v="service"/>
    <tag k="noname" v="yes"/>
  </way>
  <way id="804841085">
    <nd ref="7528331052"/>
    <nd ref="7528331051"/>
    <tag k="highway" v="service"/>
    <tag k="name" v="언주로168길 21"/>
    <tag k="name:en" v="Eonju-ro 168-gil"/>
    <tag k="name:ko" v="언주로168길"/>
  </way>
  <way id="804841088">
    <nd ref="7528331065"/>
    <nd ref="7528331064"/>
    <tag k="highway" v="service"/>
    <tag k="noname" v="yes"/>
  </way>
  <way id="804841089">
    <nd ref="7528331067"/>
    <nd ref="7528331066"/>
    <tag k="highway" v="service"/>
    <tag k="name" v="언주로164길"/>
    <tag k="name:en" v="Eonju-ro 164-gil"/>
    <tag k="name:ko" v="언주로164길"/>
  </way>
  <way id="804841090">
    <nd ref="7528331069"/>
    <nd ref="7528331068"/>
    <tag k="highway" v="service"/>
    <tag k="name" v="언주로164길"/>
    <tag k="name:en" v="Eonju-ro 164-gil"/>
    <tag k="name:ko" v="언주로164길"/>
  </way>
  <way id="804841092">
    <nd ref="4179952631"/>
    <nd ref="5994874848"/>
    <tag k="highway" v="service"/>
    <tag k="name" v="언주로157길"/>
    <tag k="name:en" v="Eonju-ro 157-gil"/>
    <tag k="name:ko" v="언주로157길"/>
  </way>
  <way id="804841093">
    <nd ref="7528331077"/>
    <nd ref="7528331076"/>
    <nd ref="7528331075"/>
    <tag k="highway" v="service"/>
    <tag k="name" v="언주로153길"/>
    <tag k="name:en" v="Eonju-ro 153-gil"/>
    <tag k="name:ko" v="언주로153길"/>
  </way>
  <way id="804841094">
    <nd ref="4179952615"/>
    <nd ref="4179952619"/>
    <tag k="highway" v="residential"/>
    <tag k="name" v="언주로157길"/>
    <tag k="name:en" v="Eonju-ro 157-gil"/>
    <tag k="name:ko" v="언주로157길"/>
  </way>
  <way id="804841095">
    <nd ref="7528331079"/>
    <nd ref="7528331078"/>
    <tag k="highway" v="service"/>
    <tag k="noname" v="yes"/>
  </way>
  <way id="804841096">
    <nd ref="7528331081"/>
    <nd ref="7528331080"/>
    <tag k="highway" v="service"/>
    <tag k="name" v="언주로152길"/>
    <tag k="name:en" v="Eonju-ro 152-gil"/>
    <tag k="name:ko" v="언주로152길"/>
  </way>
  <way id="804841097">
    <nd ref="7528331083"/>
    <nd ref="7528331082"/>
    <tag k="highway" v="service"/>
    <tag k="name" v="언주로152길"/>
    <tag k="name:en" v="Eonju-ro 152-gil"/>
    <tag k="name:ko" v="언주로152길"/>
  </way>
  <way id="856634190">
    <nd ref="7986993962"/>
    <nd ref="9891543507"/>
    <nd ref="7986993963"/>
    <tag k="highway" v="service"/>
    <tag k="service" v="parking_aisle"/>
  </way>
  <way id="891221834">
    <nd ref="8283473589"/>
    <nd ref="8568858792"/>
    <nd ref="9197448134"/>
    <nd ref="8283473596"/>
    <nd ref="2032924846"/>
    <nd ref="8283473598"/>
    <nd ref="2032924554"/>
    <nd ref="2032924330"/>
    <nd ref="2032924166"/>
    <nd ref="8283473590"/>
    <tag k="highway" v="footway"/>
  </way>
  <way id="891221839">
    <nd ref="8283473590"/>
    <nd ref="8568858806"/>
    <tag k="highway" v="steps"/>
  </way>
  <way id="908664299">
    <nd ref="1326472521"/>
    <nd ref="7521872997"/>
    <nd ref="4179789005"/>
    <tag k="highway" v="residential"/>
    <tag k="name" v="선릉로157길"/>
    <tag k="name:en" v="Seolleung-ro 157-gil"/>
    <tag k="name:ko" v="선릉로157길"/>
    <tag k="oneway" v="yes"/>
  </way>
  <way id="914538339">
    <nd ref="2032924051"/>
    <nd ref="8495500516"/>
    <tag k="highway" v="residential"/>
  </way>
  <way id="914550145">
    <nd ref="8495621246"/>
    <nd ref="8495621245"/>
    <tag k="highway" v="service"/>
    <tag k="service" v="parking_aisle"/>
  </way>
  <way id="914550146">
    <nd ref="8495621248"/>
    <nd ref="8495621247"/>
    <tag k="highway" v="service"/>
    <tag k="service" v="parking_aisle"/>
  </way>
  <way id="914891399">
    <nd ref="8498595203"/>
    <nd ref="8498595202"/>
    <nd ref="8498595201"/>
    <nd ref="8498595200"/>
    <nd ref="8498595199"/>
    <nd ref="8498595198"/>
    <nd ref="11027615842"/>
    <nd ref="8498595197"/>
    <tag k="highway" v="service"/>
  </way>
  <way id="914894279">
    <nd ref="8498636526"/>
    <nd ref="8498636525"/>
    <nd ref="8498636524"/>
    <nd ref="8498636523"/>
    <nd ref="8498636522"/>
    <nd ref="8498636521"/>
    <nd ref="8498636520"/>
    <nd ref="8498636519"/>
    <nd ref="8498636518"/>
    <nd ref="8498636517"/>
    <nd ref="8498624216"/>
    <nd ref="8498624215"/>
    <nd ref="8498624214"/>
    <nd ref="8498624213"/>
    <nd ref="8498636533"/>
    <tag k="highway" v="service"/>
  </way>
  <way id="914894281">
    <nd ref="8498636530"/>
    <nd ref="8498636529"/>
    <tag k="highway" v="service"/>
  </way>
  <way id="914894282">
    <nd ref="8498636534"/>
    <nd ref="8498636526"/>
    <nd ref="8498636529"/>
    <nd ref="8498636527"/>
    <nd ref="8498636533"/>
    <nd ref="8498636532"/>
    <nd ref="8498636528"/>
    <nd ref="8498636530"/>
    <nd ref="8498624212"/>
    <nd ref="8498636531"/>
    <tag k="highway" v="service"/>
  </way>
  <way id="919140525">
    <nd ref="1780475817"/>
    <nd ref="7521833574"/>
    <tag k="highway" v="residential"/>
    <tag k="name" v="언주로173길"/>
    <tag k="name:en" v="Eonju-ro 173-gil"/>
    <tag k="name:ko" v="언주로173길"/>
    <tag k="oneway" v="yes"/>
  </way>
  <way id="919274180">
    <nd ref="436861531"/>
    <nd ref="5034061152"/>
    <nd ref="7513254325"/>
    <tag k="highway" v="residential"/>
    <tag k="name" v="언주로152길"/>
    <tag k="name:en" v="Eonju-ro 152-gil"/>
    <tag k="name:ko" v="언주로152길"/>
    <tag k="surface" v="asphalt"/>
  </way>
  <way id="920898001">
    <nd ref="1326472598"/>
    <nd ref="8577408877"/>
    <nd ref="1326472583"/>
    <tag k="highway" v="residential"/>
    <tag k="name" v="압구정로42길"/>
    <tag k="name:en" v="Apgujeong-ro 42-gil"/>
    <tag k="name:ko" v="압구정로42길"/>
  </way>
  <way id="921296494">
    <nd ref="8495731628"/>
    <nd ref="5034061152"/>
    <nd ref="5034061151"/>
    <nd ref="5034061150"/>
    <nd ref="5034061149"/>
    <nd ref="5034061148"/>
    <nd ref="5034061146"/>
    <nd ref="5034061147"/>
    <nd ref="7528331050"/>
    <nd ref="5034061145"/>
    <nd ref="5034061144"/>
    <nd ref="8495500516"/>
    <nd ref="5034061143"/>
    <nd ref="5034061142"/>
    <nd ref="6597565673"/>
    <nd ref="8664304470"/>
    <nd ref="6222192827"/>
    <nd ref="11111175128"/>
    <nd ref="6225367243"/>
    <tag k="highway" v="primary"/>
    <tag k="lanes" v="3"/>
    <tag k="lit" v="yes"/>
    <tag k="name" v="언주로"/>
    <tag k="name:en" v="Eonju-ro"/>
    <tag k="name:ja" v="彦州路"/>
    <tag k="name:ko" v="언주로"/>
    <tag k="oneway" v="yes"/>
    <tag k="ref" v="51"/>
    <tag k="surface" v="asphalt"/>
  </way>
  <way id="921760562">
    <nd ref="8557584678"/>
    <nd ref="8557584676"/>
    <nd ref="8557584675"/>
    <nd ref="8557584674"/>
    <nd ref="8557584673"/>
    <nd ref="8557584672"/>
    <nd ref="8557584671"/>
    <nd ref="8557584670"/>
    <tag k="highway" v="primary_link"/>
    <tag k="oneway" v="yes"/>
  </way>
  <way id="921760563">
    <nd ref="8557584681"/>
    <nd ref="8557584682"/>
    <nd ref="8557584683"/>
    <nd ref="8557584684"/>
    <nd ref="8557584685"/>
    <nd ref="8557584686"/>
    <nd ref="8557584687"/>
    <nd ref="8557584688"/>
    <nd ref="8557584689"/>
    <nd ref="8557584690"/>
    <nd ref="8557584691"/>
    <nd ref="8557584680"/>
    <nd ref="8557584679"/>
    <tag k="highway" v="primary_link"/>
    <tag k="oneway" v="yes"/>
  </way>
  <way id="923070424">
    <nd ref="4968534238"/>
    <nd ref="8568840016"/>
    <nd ref="8568858717"/>
    <nd ref="8568858718"/>
    <nd ref="8568858807"/>
    <nd ref="9001133333"/>
    <nd ref="8568858719"/>
    <nd ref="8568858720"/>
    <nd ref="8568858721"/>
    <nd ref="8568858722"/>
    <nd ref="11139143046"/>
    <nd ref="8568858723"/>
    <tag k="footway" v="sidewalk"/>
    <tag k="highway" v="footway"/>
    <tag k="lit" v="yes"/>
    <tag k="surface" v="paving_stones"/>
  </way>
  <way id="923070425">
    <nd ref="8568858723"/>
    <nd ref="9890373490"/>
    <nd ref="8568858724"/>
    <tag k="access" v="no"/>
    <tag k="bicycle" v="yes"/>
    <tag k="foot" v="yes"/>
    <tag k="footway" v="crossing"/>
    <tag k="highway" v="footway"/>
    <tag k="horse" v="no"/>
    <tag k="motor_vehicle" v="no"/>
    <tag k="surface" v="asphalt"/>
  </way>
  <way id="923070426">
    <nd ref="8568858728"/>
    <nd ref="9891581237"/>
    <nd ref="11027615862"/>
    <nd ref="11027615861"/>
    <nd ref="8568858729"/>
    <nd ref="9891903387"/>
    <nd ref="11027615860"/>
    <nd ref="11027615859"/>
    <nd ref="8568858730"/>
    <nd ref="8568858731"/>
    <nd ref="8568858732"/>
    <tag k="footway" v="sidewalk"/>
    <tag k="highway" v="footway"/>
  </way>
  <way id="923070435">
    <nd ref="8568858785"/>
    <nd ref="11110267607"/>
    <nd ref="11110267609"/>
    <nd ref="11110267608"/>
    <nd ref="8568858786"/>
    <nd ref="4968626369"/>
    <nd ref="8568858787"/>
    <nd ref="9890373503"/>
    <nd ref="8568858785"/>
    <tag k="area" v="yes"/>
    <tag k="highway" v="pedestrian"/>
    <tag k="surface" v="paving_stones"/>
  </way>
  <way id="923070437">
    <nd ref="8568858732"/>
    <nd ref="8568858792"/>
    <nd ref="8568858794"/>
    <nd ref="8568858793"/>
    <nd ref="9215427667"/>
    <nd ref="8568858795"/>
    <nd ref="8568858796"/>
    <nd ref="8568858797"/>
    <nd ref="9197448137"/>
    <nd ref="9197448138"/>
    <nd ref="8568858800"/>
    <nd ref="8568858801"/>
    <nd ref="8568858806"/>
    <nd ref="8568858724"/>
    <tag k="footway" v="sidewalk"/>
    <tag k="highway" v="footway"/>
  </way>
  <way id="924019560">
    <nd ref="8577408857"/>
    <nd ref="8577408858"/>
    <nd ref="8577408859"/>
    <nd ref="8577408860"/>
    <nd ref="8577408861"/>
    <nd ref="8577408862"/>
    <nd ref="11101015268"/>
    <nd ref="8577408863"/>
    <nd ref="8577408864"/>
    <nd ref="8577408865"/>
    <nd ref="8577408866"/>
    <nd ref="8577408867"/>
    <nd ref="8577408868"/>
    <nd ref="8577408869"/>
    <nd ref="8577408870"/>
    <nd ref="8577408871"/>
    <nd ref="8577408872"/>
    <nd ref="8577408873"/>
    <nd ref="8577408874"/>
    <tag k="bicycle" v="no"/>
    <tag k="highway" v="footway"/>
  </way>
  <way id="924019561">
    <nd ref="5761153131"/>
    <nd ref="8577408903"/>
    <nd ref="8577408875"/>
    <tag k="bicycle" v="no"/>
    <tag k="highway" v="footway"/>
  </way>
  <way id="924019562">
    <nd ref="5761152208"/>
    <nd ref="8577408861"/>
    <tag k="bicycle" v="no"/>
    <tag k="highway" v="footway"/>
  </way>
  <way id="924019563">
    <nd ref="8577408865"/>
    <nd ref="8577408876"/>
    <tag k="highway" v="footway"/>
  </way>
  <way id="924019564">
    <nd ref="5761153130"/>
    <nd ref="8577408877"/>
    <tag k="bicycle" v="no"/>
    <tag k="highway" v="footway"/>
  </way>
  <way id="924019565">
    <nd ref="8577408878"/>
    <nd ref="8577408888"/>
    <nd ref="8577408892"/>
    <nd ref="8577408890"/>
    <nd ref="8577408891"/>
    <nd ref="8577408884"/>
    <nd ref="8577408895"/>
    <nd ref="8577408889"/>
    <nd ref="8577408896"/>
    <nd ref="8577408879"/>
    <tag k="highway" v="footway"/>
  </way>
  <way id="924019567">
    <nd ref="8577408884"/>
    <nd ref="8577408885"/>
    <nd ref="8577408886"/>
    <nd ref="8577408887"/>
    <nd ref="8577408888"/>
    <tag k="highway" v="footway"/>
  </way>
  <way id="924019568">
    <nd ref="8577408891"/>
    <nd ref="8577408893"/>
    <nd ref="8577408894"/>
    <nd ref="8577408895"/>
    <tag k="highway" v="footway"/>
  </way>
  <way id="924019569">
    <nd ref="8577408896"/>
    <nd ref="8577408897"/>
    <nd ref="8577408885"/>
    <tag k="highway" v="footway"/>
  </way>
  <way id="967846330">
    <nd ref="9891581218"/>
    <nd ref="9891543501"/>
    <tag k="highway" v="footway"/>
    <tag k="indoor" v="yes"/>
    <tag k="layer" v="-1"/>
  </way>
  <way id="980746929">
    <nd ref="9072343296"/>
    <nd ref="9072343297"/>
    <nd ref="11027615843"/>
    <nd ref="9072343298"/>
    <nd ref="9072343299"/>
    <nd ref="6225367247"/>
    <nd ref="9072343300"/>
    <nd ref="9072343301"/>
    <nd ref="9890373482"/>
    <nd ref="9072343302"/>
    <nd ref="6225367250"/>
    <nd ref="9072343303"/>
    <nd ref="9072343310"/>
    <nd ref="11027615842"/>
    <nd ref="9072343304"/>
    <nd ref="11027615844"/>
    <nd ref="9072343305"/>
    <nd ref="11027615845"/>
    <nd ref="9072343306"/>
    <nd ref="11027615846"/>
    <nd ref="9072343307"/>
    <tag k="footway" v="sidewalk"/>
    <tag k="highway" v="footway"/>
  </way>
  <way id="980746930">
    <nd ref="9072343310"/>
    <nd ref="6225367249"/>
    <nd ref="9072343311"/>
    <tag k="crossing" v="marked"/>
    <tag k="crossing:markings" v="yes"/>
    <tag k="footway" v="crossing"/>
    <tag k="highway" v="footway"/>
  </way>
  <way id="980746931">
    <nd ref="9072343311"/>
    <nd ref="9072343312"/>
    <nd ref="9072343313"/>
    <nd ref="9072343308"/>
    <nd ref="9072343314"/>
    <tag k="footway" v="sidewalk"/>
    <tag k="highway" v="footway"/>
    <tag k="surface" v="paving_stones"/>
  </way>
  <way id="988283552">
    <nd ref="414684882"/>
    <nd ref="2281733399"/>
    <tag k="highway" v="secondary"/>
    <tag k="name" v="선릉로"/>
    <tag k="name:en" v="Seolleung-ro"/>
    <tag k="name:ja" v="宣陵路"/>
    <tag k="name:ko" v="선릉로"/>
    <tag k="name:ko-Latn" v="Seolleungno"/>
    <tag k="surface" v="asphalt"/>
  </way>
  <way id="988283553">
    <nd ref="414684882"/>
    <nd ref="11356020891"/>
    <nd ref="11356020883"/>
    <nd ref="2279499505"/>
    <nd ref="2279499507"/>
    <nd ref="2279499509"/>
    <nd ref="9890373459"/>
    <nd ref="2279499511"/>
    <nd ref="2279499513"/>
    <nd ref="9890373465"/>
    <nd ref="2279499515"/>
    <nd ref="2279499517"/>
    <nd ref="2279499518"/>
    <nd ref="6225367256"/>
    <nd ref="595750379"/>
    <tag k="highway" v="secondary"/>
    <tag k="lane_markings" v="yes"/>
    <tag k="name" v="도산대로"/>
    <tag k="name:en" v="Dosan-daero"/>
    <tag k="name:ja" v="島山大路"/>
    <tag k="name:ko" v="도산대로"/>
    <tag k="oneway" v="yes"/>
    <tag k="surface" v="asphalt"/>
  </way>
  <way id="988283554">
    <nd ref="2281733399"/>
    <nd ref="2279499506"/>
    <nd ref="11356020894"/>
    <nd ref="11356020887"/>
    <nd ref="2279499503"/>
    <nd ref="9890373447"/>
    <nd ref="2279499502"/>
    <nd ref="2279499500"/>
    <nd ref="9890373443"/>
    <nd ref="7513254324"/>
    <nd ref="8495731637"/>
    <tag k="highway" v="secondary"/>
    <tag k="lanes" v="6"/>
    <tag k="lit" v="yes"/>
    <tag k="name" v="도산대로"/>
    <tag k="name:en" v="Dosan-daero"/>
    <tag k="name:ja" v="島山大路"/>
    <tag k="name:ko" v="도산대로"/>
    <tag k="name:ko-Latn" v="Dosandaero"/>
    <tag k="oneway" v="yes"/>
    <tag k="surface" v="asphalt"/>
  </way>
  <way id="988283558">
    <nd ref="3624476175"/>
    <nd ref="6225367252"/>
    <nd ref="596509934"/>
    <tag k="highway" v="secondary"/>
    <tag k="name" v="압구정로"/>
    <tag k="name:en" v="Apgujeong-ro"/>
    <tag k="name:ja" v="狎鴎亭路"/>
    <tag k="name:ko" v="압구정로"/>
    <tag k="oneway" v="yes"/>
  </way>
  <way id="991708294">
    <nd ref="9162682880"/>
    <nd ref="9162682881"/>
    <nd ref="9162682882"/>
    <nd ref="9162682883"/>
    <nd ref="9162682884"/>
    <nd ref="6225367248"/>
    <tag k="highway" v="service"/>
  </way>
  <way id="1078884482">
    <nd ref="9890373503"/>
    <nd ref="6222192837"/>
    <nd ref="6222192836"/>
    <nd ref="9891581224"/>
    <tag k="bicycle" v="yes"/>
    <tag k="crossing:markings" v="zebra:double"/>
    <tag k="foot" v="yes"/>
    <tag k="footway" v="crossing"/>
    <tag k="highway" v="footway"/>
    <tag k="motor_vehicle" v="no"/>
    <tag k="surface" v="asphalt"/>
  </way>
  <way id="1079028292">
    <nd ref="9891543475"/>
    <nd ref="9891543479"/>
    <nd ref="9891543474"/>
    <tag k="footway" v="sidewalk"/>
    <tag k="highway" v="footway"/>
    <tag k="surface" v="paving_stones"/>
  </way>
  <way id="1079028293">
    <nd ref="9891543476"/>
    <nd ref="9891543480"/>
    <nd ref="9891543475"/>
    <tag k="footway" v="crossing"/>
    <tag k="highway" v="footway"/>
  </way>
  <way id="1079028294">
    <nd ref="9891543477"/>
    <nd ref="9891543476"/>
    <tag k="footway" v="sidewalk"/>
    <tag k="highway" v="footway"/>
    <tag k="surface" v="paving_stones"/>
  </way>
  <way id="1079028295">
    <nd ref="9891543515"/>
    <nd ref="9891543478"/>
    <tag k="footway" v="sidewalk"/>
    <tag k="highway" v="footway"/>
    <tag k="lit" v="yes"/>
    <tag k="surface" v="paving_stones"/>
  </way>
  <way id="1079028296">
    <nd ref="9891543478"/>
    <nd ref="9891543481"/>
    <nd ref="9891543477"/>
    <tag k="footway" v="crossing"/>
    <tag k="highway" v="footway"/>
  </way>
  <way id="1079028304">
    <nd ref="9891543500"/>
    <nd ref="9891543498"/>
    <tag k="footway" v="sidewalk"/>
    <tag k="highway" v="footway"/>
    <tag k="lit" v="yes"/>
    <tag k="surface" v="paving_stones"/>
  </way>
  <way id="1079028308">
    <nd ref="9891543499"/>
    <nd ref="9891581231"/>
    <tag k="footway" v="sidewalk"/>
    <tag k="highway" v="footway"/>
  </way>
  <way id="1079028309">
    <nd ref="9891543498"/>
    <nd ref="6245318167"/>
    <nd ref="9891543499"/>
    <tag k="footway" v="crossing"/>
    <tag k="highway" v="footway"/>
  </way>
  <way id="1079028311">
    <nd ref="9891543501"/>
    <nd ref="4946593781"/>
    <tag k="footway" v="crossing"/>
    <tag k="highway" v="footway"/>
  </way>
  <way id="1079028312">
    <nd ref="9891543505"/>
    <nd ref="9891543504"/>
    <tag k="footway" v="crossing"/>
    <tag k="highway" v="footway"/>
  </way>
  <way id="1079028313">
    <nd ref="9891543502"/>
    <nd ref="9891543506"/>
    <nd ref="9891543505"/>
    <tag k="footway" v="sidewalk"/>
    <tag k="highway" v="footway"/>
  </way>
  <way id="1079028314">
    <nd ref="9891543503"/>
    <nd ref="9891543507"/>
    <nd ref="9891543502"/>
    <tag k="footway" v="crossing"/>
    <tag k="highway" v="footway"/>
  </way>
  <way id="1079028315">
    <nd ref="9891543509"/>
    <nd ref="9891543508"/>
    <nd ref="9891543503"/>
    <tag k="footway" v="sidewalk"/>
    <tag k="highway" v="footway"/>
  </way>
  <way id="1079028316">
    <nd ref="9891543509"/>
    <nd ref="9891581218"/>
    <nd ref="9891543511"/>
    <tag k="footway" v="sidewalk"/>
    <tag k="highway" v="footway"/>
  </way>
  <way id="1079028317">
    <nd ref="9891581228"/>
    <nd ref="9891543510"/>
    <tag k="footway" v="sidewalk"/>
    <tag k="highway" v="footway"/>
  </way>
  <way id="1079028318">
    <nd ref="9891543512"/>
    <nd ref="9891543513"/>
    <tag k="footway" v="sidewalk"/>
    <tag k="highway" v="footway"/>
  </way>
  <way id="1079028319">
    <nd ref="9891543511"/>
    <nd ref="9891581217"/>
    <nd ref="9891543512"/>
    <tag k="footway" v="crossing"/>
    <tag k="highway" v="footway"/>
  </way>
  <way id="1079028320">
    <nd ref="9891543514"/>
    <nd ref="9891543515"/>
    <tag k="footway" v="sidewalk"/>
    <tag k="highway" v="footway"/>
  </way>
  <way id="1079028321">
    <nd ref="9891543513"/>
    <nd ref="9891543516"/>
    <nd ref="9891543514"/>
    <tag k="footway" v="crossing"/>
    <tag k="highway" v="footway"/>
  </way>
  <way id="1079028322">
    <nd ref="9891543510"/>
    <nd ref="9891581219"/>
    <nd ref="9891543509"/>
    <tag k="footway" v="crossing"/>
    <tag k="highway" v="footway"/>
  </way>
  <way id="1079028323">
    <nd ref="9891581220"/>
    <nd ref="9891581228"/>
    <tag k="footway" v="sidewalk"/>
    <tag k="highway" v="footway"/>
  </way>
  <way id="1079028324">
    <nd ref="9891581221"/>
    <nd ref="4968626373"/>
    <nd ref="9891581220"/>
    <tag k="footway" v="crossing"/>
    <tag k="highway" v="footway"/>
  </way>
  <way id="1079028325">
    <nd ref="9891581222"/>
    <nd ref="6222192835"/>
    <nd ref="9891581223"/>
    <tag k="footway" v="crossing"/>
    <tag k="highway" v="footway"/>
  </way>
  <way id="1079028326">
    <nd ref="6222192834"/>
    <nd ref="11139143047"/>
    <nd ref="9891581222"/>
    <tag k="footway" v="sidewalk"/>
    <tag k="highway" v="footway"/>
    <tag k="lit" v="yes"/>
    <tag k="surface" v="paving_stones"/>
  </way>
  <way id="1079028327">
    <nd ref="9891581223"/>
    <nd ref="9891581224"/>
    <nd ref="9891581225"/>
    <nd ref="11110268158"/>
    <nd ref="9891581226"/>
    <nd ref="9891581221"/>
    <tag k="footway" v="sidewalk"/>
    <tag k="highway" v="footway"/>
  </way>
  <way id="1079028328">
    <nd ref="9891581231"/>
    <nd ref="9891581230"/>
    <nd ref="9891581229"/>
    <nd ref="9891581228"/>
    <tag k="footway" v="crossing"/>
    <tag k="highway" v="footway"/>
  </way>
  <way id="1079028329">
    <nd ref="9891581227"/>
    <nd ref="9891581231"/>
    <tag k="footway" v="sidewalk"/>
    <tag k="highway" v="footway"/>
  </way>
  <way id="1079028330">
    <nd ref="9891581232"/>
    <nd ref="6245318166"/>
    <nd ref="9891581227"/>
    <tag k="footway" v="crossing"/>
    <tag k="highway" v="footway"/>
  </way>
  <way id="1079028331">
    <nd ref="8727059731"/>
    <nd ref="9891581235"/>
    <nd ref="11110268159"/>
    <nd ref="9891581234"/>
    <nd ref="9891581233"/>
    <nd ref="9891581232"/>
    <tag k="footway" v="sidewalk"/>
    <tag k="highway" v="footway"/>
  </way>
  <way id="1079028332">
    <nd ref="8568858727"/>
    <nd ref="6309939744"/>
    <nd ref="8568858728"/>
    <tag k="footway" v="crossing"/>
    <tag k="highway" v="footway"/>
    <tag k="lit" v="no"/>
    <tag k="surface" v="asphalt"/>
  </way>
  <way id="1079028333">
    <nd ref="8568858724"/>
    <nd ref="8568858725"/>
    <nd ref="8568858726"/>
    <nd ref="11110267610"/>
    <nd ref="4968533413"/>
    <nd ref="8568858727"/>
    <tag k="footway" v="sidewalk"/>
    <tag k="highway" v="footway"/>
    <tag k="lit" v="yes"/>
    <tag k="surface" v="paving_stones"/>
  </way>
  <way id="1079028335">
    <nd ref="8568858778"/>
    <nd ref="9891581238"/>
    <tag k="footway" v="sidewalk"/>
    <tag k="highway" v="footway"/>
    <tag k="lit" v="yes"/>
    <tag k="surface" v="paving_stones"/>
  </way>
  <way id="1079028336">
    <nd ref="9891581238"/>
    <nd ref="6309939715"/>
    <nd ref="9891581237"/>
    <tag k="access" v="no"/>
    <tag k="bicycle" v="yes"/>
    <tag k="foot" v="yes"/>
    <tag k="footway" v="crossing"/>
    <tag k="highway" v="footway"/>
    <tag k="horse" v="no"/>
    <tag k="lit" v="no"/>
    <tag k="motor_vehicle" v="no"/>
    <tag k="surface" v="asphalt"/>
  </way>
  <way id="1196280283">
    <nd ref="4179788994"/>
    <nd ref="11101015270"/>
    <tag k="highway" v="steps"/>
    <tag k="incline" v="up"/>
  </way>
  <way id="1196280284">
    <nd ref="11101015268"/>
    <nd ref="11101015270"/>
    <tag k="highway" v="footway"/>
  </way>
  <way id="1197470724">
    <nd ref="6222192838"/>
    <nd ref="4968626369"/>
    <tag k="footway" v="sidewalk"/>
    <tag k="highway" v="footway"/>
  </way>
  <way id="1197470725">
    <nd ref="6222192838"/>
    <nd ref="9890373503"/>
    <tag k="footway" v="sidewalk"/>
    <tag k="highway" v="footway"/>
  </way>
  <way id="1197470726">
    <nd ref="11110267609"/>
    <nd ref="4968626365"/>
    <nd ref="6222192838"/>
    <tag k="footway" v="sidewalk"/>
    <tag k="highway" v="footway"/>
  </way>
  <way id="1197470727">
    <nd ref="11110267609"/>
    <nd ref="11110267611"/>
    <nd ref="4968626364"/>
    <nd ref="11110267610"/>
    <tag k="bicycle" v="yes"/>
    <tag k="crossing:markings" v="zebra"/>
    <tag k="foot" v="yes"/>
    <tag k="footway" v="crossing"/>
    <tag k="highway" v="footway"/>
    <tag k="motor_vehicle" v="no"/>
    <tag k="surface" v="asphalt"/>
  </way>
  <way id="1197472629">
    <nd ref="11110268158"/>
    <nd ref="11110268161"/>
    <nd ref="11110268160"/>
    <nd ref="11110268159"/>
    <tag k="bicycle" v="yes"/>
    <tag k="crossing:markings" v="zebra:double"/>
    <tag k="foot" v="yes"/>
    <tag k="footway" v="crossing"/>
    <tag k="highway" v="footway"/>
    <tag k="motor_vehicle" v="no"/>
    <tag k="surface" v="asphalt"/>
  </way>
  <way id="1201467953">
    <nd ref="11139143046"/>
    <nd ref="11139143049"/>
    <nd ref="11139143048"/>
    <nd ref="11139143047"/>
    <tag k="access" v="no"/>
    <tag k="bicycle" v="yes"/>
    <tag k="foot" v="yes"/>
    <tag k="footway" v="crossing"/>
    <tag k="highway" v="footway"/>
    <tag k="horse" v="no"/>
    <tag k="motor_vehicle" v="no"/>
    <tag k="surface" v="asphalt"/>
  </way>
  <way id="1224495598">
    <nd ref="11356020878"/>
    <nd ref="596137575"/>
    <nd ref="11356020879"/>
    <tag k="access" v="no"/>
    <tag k="bicycle" v="yes"/>
    <tag k="crossing:markings" v="zebra:double"/>
    <tag k="foot" v="yes"/>
    <tag k="footway" v="crossing"/>
    <tag k="highway" v="footway"/>
    <tag k="horse" v="no"/>
    <tag k="motor_vehicle" v="no"/>
    <tag k="surface" v="asphalt"/>
  </way>
  <way id="1224495599">
    <nd ref="11356020880"/>
    <nd ref="11356020883"/>
    <nd ref="11356020882"/>
    <nd ref="11356020881"/>
    <tag k="access" v="no"/>
    <tag k="bicycle" v="yes"/>
    <tag k="crossing:markings" v="zebra:double"/>
    <tag k="foot" v="yes"/>
    <tag k="footway" v="crossing"/>
    <tag k="highway" v="footway"/>
    <tag k="horse" v="no"/>
    <tag k="motor_vehicle" v="no"/>
    <tag k="surface" v="asphalt"/>
  </way>
  <way id="1224495600">
    <nd ref="11356020884"/>
    <nd ref="11356020886"/>
    <nd ref="11356020887"/>
    <nd ref="11356020885"/>
    <tag k="access" v="no"/>
    <tag k="bicycle" v="yes"/>
    <tag k="crossing:markings" v="zebra:double"/>
    <tag k="foot" v="yes"/>
    <tag k="footway" v="crossing"/>
    <tag k="highway" v="footway"/>
    <tag k="horse" v="no"/>
    <tag k="motor_vehicle" v="no"/>
    <tag k="surface" v="asphalt"/>
  </way>
  <way id="1224495601">
    <nd ref="11356020888"/>
    <nd ref="11356020890"/>
    <nd ref="11356020889"/>
    <tag k="access" v="no"/>
    <tag k="bicycle" v="yes"/>
    <tag k="crossing:markings" v="zebra:double"/>
    <tag k="foot" v="yes"/>
    <tag k="footway" v="crossing"/>
    <tag k="highway" v="footway"/>
    <tag k="horse" v="no"/>
    <tag k="motor_vehicle" v="no"/>
    <tag k="surface" v="asphalt"/>
  </way>
  <way id="1443696120">
    <nd ref="13247785535"/>
    <nd ref="13247785536"/>
    <nd ref="13247785537"/>
    <nd ref="13247785538"/>
    <nd ref="13247785539"/>
    <nd ref="13247785540"/>
    <tag k="highway" v="service"/>
    <tag k="layer" v="-1"/>
    <tag k="service" v="parking_aisle"/>
    <tag k="tunnel" v="yes"/>
  </way>
  <way id="1443696121">
    <nd ref="13247785540"/>
    <nd ref="13247785541"/>
    <nd ref="13247785542"/>
    <tag k="highway" v="service"/>
    <tag k="service" v="parking_aisle"/>
  </way>

</osm>
